Home Scoring,Home Pass Yds,Home Rush Yds,Home Fumbles,Home Ints,Away Scoring,Away Pass Yds,Away Rush Yds,Away Fumbles,Away Ints,Home Field Adv,Target,Home Twitter Sentiment,Away Twitter Sentiment,Home Twitter Rate,Away Twitter Rate,Unnamed: 0
16.5,209.5,101.5,2.5,0.5,24,253,83.5,1,0.5,0,1,0.123208257,0.156982386,-2.985074627,-3.646532438,
23.5,203,131.5,1,0.5,14,208,139.5,2,1,0,0,0.0907,0.114449393,-3.059701493,-2.547307132,
21,185,132,0,1,15,169,99.5,2,0,1,1,0.187729952,0.05962,-2.582608696,-2.507739938,
20.5,179.5,76,1.5,1.5,19.5,285.5,125,3.5,0.5,1,0,0.034241546,0.074548684,-1.050420168,-2.437304075,
14,267,106.5,3,1,19,125,127,1,0.5,1,0,0.120004878,0.100415646,-1.690544413,-3.064516129,
16,209,96.5,3,2.5,24,222.5,118.5,1,2,1,0,0.087669512,0.058286207,-2.475247525,-2.170542636,
11,252.5,71.5,1,2,16,266.5,127.5,3.5,0.5,0,1,0.237155128,0.116098649,-1.258064516,-2.959381044,
9.5,155,70.5,1,0.5,14.5,209.5,105.5,0.5,0,0,0,0.127335354,0.116065306,-2.283702213,-2.963752665,
10.5,226.5,61.5,2,0.5,16,271.5,95,3,0.5,1,0,0.113806512,0.112608443,-2.884496603,-1.778058008,
15,238.5,124,5.5,0.5,25.5,203.5,145,2,1.5,1,1,0.084336879,0.119771429,-2.65560166,-2.73480663,
11.5,260,69,1,1.5,27.5,170,105.5,0,0.5,1,1,0.173133333,0.156155396,-2.982791587,-3.114355231,
18.5,302,66.5,1.5,0,20.5,194.5,180,0.5,0.5,0,0,0.17813,0.149038889,-3.103592314,-1.641025641,
15.5,296.5,99,2,0.5,22.5,119,134.5,0.5,0,1,1,0.110877869,0.09311982,-2.885638298,-2.724252492,
16.5,209.5,101.5,2.5,0.5,24,253,83.5,1,0.5,0,1,0.054066337,0.141014539,-2.576107011,-2.222222222,
21,307.5,66.5,2,1.5,32.5,185,187.5,0.5,2,1,1,0.049472692,0.127110811,-0.623501199,-1.569664903,
7.5,198,70,1,1.5,22.5,203.5,78,0.5,0.5,1,0,0.074798561,0.161522364,-1.893583725,-0.803858521,
18.25,194.5,108.75,1.5,2.25,22.5,238.25,98.5,1,1,0,0,0.079883803,0.18314878,3.87254902,-0.524691358,
13.25,190,104.25,1,2,13,176.5,96.75,2,0.75,0.5,1,0.10702069,0.081323664,-0.929752066,-0.324675325,
19.25,161.75,120,3,1.25,26.25,201.5,125,3.75,1.5,0.5,0,0.073072414,0.096181818,-1.433161954,0.153846154,
25.25,235.75,98.25,0.75,0.5,17.25,201.5,99.25,0.75,0.75,0,1,0.128288,0.11289542,-1.329268293,1.02484472,
26,263,110.5,0.5,0.5,19.5,378.75,50.25,0.75,0.5,0,0,0.163777249,0.047348718,5.992366412,0.175182482,
14.25,206.75,79.5,2,1.25,13.75,174.75,118,2.25,1.25,0,0,0.062484783,0.102661562,2.260273973,1.305637982,
15.25,222.75,97.5,0.75,1,20.25,230.75,128,1.5,1,0,0,0.185372686,0.072332099,-0.874840358,0.301724138,
23.25,167,100.5,0.5,0.75,14,256.75,93.25,2.25,1.25,0,1,0.154771141,0.129749398,0.583333333,-3.652392947,
18.25,263,127.5,2.25,1.25,18.5,214.25,83.5,1.75,0.75,0,1,0.030200641,0.158135948,-0.703703704,-1.861702128,
16,299.75,80.25,0.75,1.25,18.25,285.75,98,3,0.5,0.5,1,-0.056501923,0.126549138,1.951219512,-0.308370044,
24,246.5,113,0.75,2,27.5,278,137.75,1.75,0.75,0,0,0.035823404,0.090934438,-0.255474453,7.110091743,
19,195.5,127.5,2.5,1,20.75,226.75,153.75,2.5,1.5,0.5,1,0.0887,0.13831044,-0.260663507,1.526548673,
24,217.5,132.75,1.25,0.75,25,272.75,111.75,1.25,0.75,0,0,-0.112064535,0.123064417,6.990521327,-2.095890411,
19.75,191,98,1,2,22.25,291,93.5,1.5,1,0,1,0.087537264,0.075380986,3.387096774,0.911949686,
13.25,198,88.25,1.25,0.75,14.25,164.5,114.5,1.5,0.75,1,0,0.08503318,0.036317143,2.434554974,0.756422455,
18.25,237.5,103,1.75,0.75,23.75,247,69.75,1.5,1.25,0,1,0.176161921,0.157287278,3.336594912,3.68705036,
19,273.6666667,82.66666667,1.333333333,1.5,20.16666667,234.1666667,109.1666667,2.333333333,1.333333333,0,1,0.2078,0.079601563,0.394736842,-1.692307692,
16.66666667,201,110.6666667,1.666666667,1.333333333,19.33333333,220.1666667,111.5,0.833333333,1,0,1,0.090141481,0.059840351,-0.208333333,1.206896552,
15.66666667,224.5,82.16666667,1,1.333333333,25.83333333,206.5,136.8333333,1,0,0.333333333,0,0.084736052,0.097732511,3.659793814,-2.045454545,
18.83333333,141.1666667,138.8333333,1.5,0.5,12.83333333,229.3333333,74.33333333,2,1.666666667,0,0,0.102005435,0.096192105,0.941176471,1.218274112,
23.83333333,202.5,115.8333333,1.833333333,1,17.16666667,281.1666667,91.66666667,2.333333333,0.833333333,0,0,0.111438095,0.125628926,-1.828358209,-3.330039526,
26,269.3333333,122,1.666666667,1,17.16666667,210.8333333,91.33333333,1.5,1.333333333,0,1,0.155593367,0.135965068,-2.236024845,-0.084745763,
27.33333333,229.8333333,135.8333333,0.5,0.5,14,249.5,89.66666667,1.333333333,1.833333333,0,1,0.126973913,-0.004919444,0.040650407,6.214953271,
22.33333333,248.6666667,84.16666667,0.833333333,1.166666667,15,204.6666667,121.6666667,2.5,1.5,0,1,0.123147678,0.015531731,-1.238390093,-1.022099448,
21.66666667,304.5,100.8333333,1.666666667,0.666666667,25.5,214.6666667,139.6666667,0.833333333,1,0.333333333,0,0.105929333,-0.052,-1.06779661,-2.795138889,
16.83333333,218.6666667,128,1.5,1.333333333,28.66666667,322.1666667,98.33333333,1.166666667,0.5,-0.333333333,1,0.137829452,0.120257143,2.269230769,-1.037735849,
24.83333333,303.3333333,131.3333333,2,1.333333333,18.16666667,194,103.8333333,2.333333333,1.5,0,1,0.087851724,0.192256842,-0.319148936,-1.55,
25,298,118.5,1.166666667,0.333333333,19.66666667,243.5,101.5,1,1,0.333333333,0,0.130010819,0.131708364,-1.824494949,1.291079812,
17.66666667,278.5,77.33333333,1.666666667,1.666666667,25.16666667,237.5,104.3333333,1.833333333,0.833333333,0,1,0.16460576,0.209109572,5.225225225,-1.713615023,
22.33333333,245.1666667,115.5,1,0.666666667,23.5,229.6666667,120.3333333,0.833333333,0.833333333,0.333333333,0,0.0947025,0.210241935,0.457746479,0.813953488,
16.75,259.375,98.25,2.5,1.375,22.875,247.75,114.875,1.5,1.375,0.5,1,0.122317308,0.211684615,0.488505747,0.081300813,
21.5,236,103.25,1,1,24.5,198.875,151.75,0.875,0.625,0.25,0,0.126482803,0.173508108,-1.30952381,-1.296296296,
18.25,226.375,108.125,1.25,0.875,23.125,275.5,97.75,1.375,1,0,1,0.115739483,0.132453153,-0.289179104,0.880149813,
18.25,226.875,92.625,1.125,1.125,17.75,242.75,85.875,1.5,0.5,0.25,1,0.09189375,0.085494595,0.346938776,1.094674556,
19.70833333,235.75,116.6666667,1.583333333,1.375,18.08333333,199.8333333,101.9166667,1.25,1.083333333,0.416666667,0,0.140225455,0.033322989,-0.333333333,1.320754717,
14.25,219.5,90.125,2.25,1.25,19.5,236.875,91.125,1.625,1.125,0,0,0.092662121,0.07324703,1.215277778,0.017857143,
24.5,213.25,144.625,1.25,1.125,21.75,303.25,101.875,1.375,1,0.25,0,0.105413115,0.218764401,-0.748031496,0.40969163,
20.95833333,297.125,75.25,1.708333333,0.458333333,22.83333333,195.7083333,155.0833333,0.916666667,0.875,0.416666667,1,0.066194268,0.129664706,1.25,7.587064677,
16,217.875,106.375,1.375,1.5,21.25,245.375,126.75,0.625,0.75,0,0,0.086583444,0.177303896,0.77294686,-0.685483871,
16.25,193.625,118.625,2.25,1.125,24.625,264.125,114,1.5,0.75,0.5,1,0.057982895,0.101976596,-0.652173913,-3.004115226,
18.375,211.125,110.125,2,1.625,27.5,246.375,147.125,1.5,0.75,0,1,0.078293478,0.095146078,-0.754310345,0.198863636,
17.5,275.4166667,86,1.583333333,0.833333333,21.08333333,197.3333333,108.4583333,1.875,0.708333333,0.416666667,0,0.139282609,0.0067808,2.390691114,4.588235294,
16.375,209.125,108.75,1.375,1.625,24.75,246.375,119.875,1.25,0.625,0.25,0,0.201169799,0.037624576,-0.75,-1.62027833,
19.58333333,188.125,127.5416667,1.166666667,0.333333333,14.79166667,222.875,109.0416667,1.416666667,1.5,0.166666667,1,0.08809546,0.12611399,4.034965035,15.79741379,
18.9,205.9,94.1,1.2,1.5,23.6,300.6,117.4,2.5,0.8,-0.2,1,0.215825455,0.171191304,-1.12,0.382513661,
23.4,219.925,112.375,1.1,0.975,17.15,243.375,105.9,1.075,1.225,0.1,0,0.056098556,0.08346844,1.22611465,1.612903226,
18.825,263,85.675,1.425,1.425,16.775,220.45,79.05,1.575,1.45,0.1,0,0.141109747,0.118018261,-1.521352313,5.348837209,
19.45,211.275,111.15,1.975,0.775,19.9,242.875,109.425,1.55,1.625,0.1,0,0.143237288,0.055701639,-1.119402985,0.902061856,
20.45,192.95,126.75,1.025,0.8,14.05,225.35,82.525,2.275,1.35,0.1,1,0.118410609,0.055023267,2.059405941,1.213389121,
19.2,247.6,108.5,1.9,1.1,21.6,222.7,137.3,0.8,1.1,0,1,0.106028495,0.168092857,-1.25,1.542056075,
23.575,197.575,111.725,1.075,0.35,21.2,252.5,113.125,0.875,1.475,-0.1,1,0.118504558,0.136256364,8.557142857,-0.610687023,
21.8,255.5,131.7,2,1.5,22.4,217.7,90.3,1.9,1.3,-0.2,1,0.153337771,0.073111364,1.262214984,0.759162304,
18.925,248.675,111.45,1.05,0.875,23.225,253.05,114.175,0.875,0.775,-0.1,1,0.061555102,0.121146957,-0.925925926,-3.270750988,
18.5,298.4,65.4,1.6,0.8,25.1,200.9,146.3,0.9,0.3,0.2,0,0.036496377,0.101998299,-0.582524272,-1.81501548,
21,229.5,112.8,1.9,1.1,24.1,233.5,122.8,1.7,1,0.2,1,0.053665409,0.122464362,1.029411765,2.614213198,
18.75,215.375,116.875,1.375,1.125,18.5,265.625,99.75,0.875,0.875,0,1,0.114152709,0.073743796,-3.450777202,-2.089694656,
19,237.8,115.4,1.3,0.6,22.8,316.6,96,1.5,0.6,-0.2,0,0.181789836,0.192878571,0.653465347,0.357142857,
20.2,226.5,124.3,1.6,1.3,26.9,232.5,120.5,1.8,0.7,0,0,0.123792,0.0913936,3.785714286,0.613496933,
17.41666667,237.1,98.35,2.166666667,0.716666667,19.68333333,220.8833333,130.6666667,1.216666667,1.666666667,0.066666667,1,-0.035385106,0.068526563,-2.019230769,0.721649485,
25.43333333,220.05,146.95,1.2,0.6,16.61666667,177.6833333,105.95,1.183333333,0.65,0.266666667,1,0.129039011,0.083141081,0.260869565,0.524193548,
23.5,193,128.1666667,1.583333333,1,20.91666667,262.3333333,115.9166667,1.833333333,1,0,1,0.108024138,0.125309605,-1.31147541,-0.078431373,
21.25,258.5,109.25,1.25,0.833333333,16.33333333,212.25,101.5833333,2.083333333,1,0,0,0.220202521,0.042435664,-1.506550218,-1.582491582,
14.9,246.5,89.6,1.6,1.4,22.6,194.9,120.2,1.1,0.9,0.2,0,0.080586928,0.118641049,-2.170731707,-1.647966339,
16.78333333,186.5166667,105.3833333,1.816666667,1.4,18.75,214.95,112.7833333,1.5,1.65,-0.1,1,0.117338158,0.199307273,6.061452514,-2.276422764,
24.71666667,223.6833333,137.8833333,0.883333333,0.633333333,18.36666667,222.3,112.9,1.183333333,1.05,0.266666667,1,0.122234559,-0.0113,0.057142857,-2.154471545,
19.25,265.75,107.0833333,1.666666667,1,17.5,246.25,88.33333333,1.5,1,0.166666667,0,0.113737591,0.144864828,-0.306905371,-2.679509632,
21.03333333,224.7166667,122.9166667,1.333333333,1.033333333,18.41666667,255.7833333,100.6166667,1.366666667,1.516666667,0.066666667,1,0.109871233,0.114172193,-1,2.55952381,
23.6,234.5,113.3,1.2,1.3,18.5,246.9,78.9,2.1,1.2,0,1,0.232800571,0.192219444,-1.797752809,3.875,
24.68333333,309.7,113.05,1.316666667,1.116666667,25.9,211.8,107.35,1.05,0.983333333,0.266666667,0,0.112278358,0.086956838,0.152284264,-3.150684932,
22.91666667,267,108.4166667,1.416666667,0.416666667,21.66666667,209.4166667,128.9166667,1.75,1.083333333,0,0,0.128864667,0.105775,0.054945055,-1.883333333,
20.38333333,228.7333333,102.0166667,1.083333333,0.983333333,18.03333333,217.9833333,118.2666667,1.383333333,1.283333333,0.1,1,0.085948606,0.110320139,-0.57544757,-1.471571906,
20.03333333,254.7666667,93.91666667,1.533333333,1.283333333,22.26666667,221.25,118.5666667,1.416666667,0.866666667,0.266666667,0,0.163673039,0.132889615,2.983606557,9.047464239,
19.4047619,202.4285714,120.4642857,0.845238095,1.404761905,15.60714286,213.4285714,101.9047619,2.55952381,1.19047619,0.095238095,1,-0.003245946,0.050646405,-0.405405405,-2.537878788,
21.66666667,288.6309524,96.42857143,2.011904762,1.238095238,20.95238095,244.952381,117.7738095,1.702380952,1.083333333,0.238095238,1,0.098425581,0.190052191,1.863636364,2.698113208,
22.96428571,210.5714286,141.7261905,1.071428571,0.880952381,20.3452381,253.1666667,94.64285714,1.571428571,1.05952381,0.071428571,0,0.090360251,0.1627168,3.262454435,-0.115606936,
26.3452381,281.9047619,107.5,0.833333333,0.869047619,21.95238095,201.452381,122.5238095,1.30952381,1.202380952,0.071428571,0,0.106901274,0.027234091,-2.669404517,-1,
22.25,257.25,100.5,1.5,0.833333333,21,236.1666667,112.5,1.25,1.25,0.166666667,0,0.093117544,0.023697458,-2.145669291,-1.099137931,
22.28571429,222.8571429,124.2857143,1.285714286,1.071428571,21.42857143,266.5,87.28571429,1.642857143,0.785714286,0.142857143,1,0.154851613,0.068480263,1.492537313,0.543478261,
29,194.3333333,175.5,1,0.333333333,19.41666667,229,100.1666667,1.416666667,0.916666667,0,1,0.140106135,0.151577451,0.423728814,-2.372262774,
21,294.8571429,101.5,2,1.285714286,24.85714286,181.2142857,108.5,1.642857143,0.857142857,0.142857143,1,0.098293258,0.140218182,-1.822660099,0.296296296,
18.83333333,186.5833333,124.6666667,2.333333333,1.5,21.5,233,119,1.75,0.833333333,0.333333333,0,0.212484615,0.047974667,-2.79342723,2.258064516,
21.70238095,243.0714286,117.9642857,2.047619048,1.071428571,21.78571429,210.6190476,117.1785714,1.273809524,0.714285714,0.071428571,1,0.142837912,0.144152308,2.139037433,-1.447368421,
24.41666667,221.3333333,105.1666667,0.75,0.833333333,20.58333333,245.3333333,116.9166667,1.416666667,1.5,0,1,0.17998843,0.041472768,-0.441595442,3.056872038,
17.33333333,270.9285714,78.11904762,2.023809524,1.464285714,21.27380952,191.1547619,113.7738095,1.904761905,0.702380952,-0.071428571,1,0.13967929,0.131924556,2.34375,0.313807531,
27.5,319.5833333,99.58333333,1.416666667,0.5,23.16666667,237.25,139,0.916666667,0.833333333,0.333333333,1,0.060633745,0.183825263,8.977777778,10.79545455,
17.5,216.7857143,101.8571429,2.214285714,1.142857143,24.07142857,217.5714286,138.6428571,1.428571429,0.928571429,0.142857143,0,0.187201744,0.114441209,2.881944444,5.081743869,
23.71428571,230.2142857,143.4285714,1.071428571,1.357142857,19.21428571,254.1428571,100.3571429,1.714285714,1,0.142857143,1,0.148096591,0.118958228,5.535714286,0.5,
21.28571429,227.7857143,108.2142857,1.214285714,0.785714286,18.71428571,228.2142857,110.2857143,1.071428571,0.928571429,0,1,0.165740892,0.137650265,3.347107438,1.906077348,
23.01785714,221.8392857,109.5625,0.919642857,0.866071429,27.19642857,322.2767857,108.1696429,1.294642857,0.723214286,-0.071428571,0,-0.017229825,0.136381757,-3.45323741,2.170542636,
19.42857143,246.5714286,101.3571429,1.428571429,1.214285714,24.78571429,241.9285714,112,0.714285714,0.857142857,0.142857143,1,0.160569847,0.252481818,3.866995074,2.34375,
20.92857143,247.6428571,85.5,1.857142857,1,23.14285714,217.8571429,141.9285714,1.642857143,0.857142857,0.142857143,0,0.177805263,0.084439529,-0.943708609,-2.455882353,
15.32142857,187.2142857,97.09821429,2.419642857,1.241071429,21.15178571,242.2321429,101.875,1.241071429,1.401785714,0.053571429,0,0.111453289,0.245534395,-0.358974359,-0.446808511,
23.35714286,229.7857143,138.8571429,1.428571429,1.285714286,19.78571429,205.2857143,97.64285714,1.857142857,1.285714286,0,1,-0.041319565,0.227032203,7.294117647,-0.478723404,
19.71428571,203.0714286,87,1.714285714,1,22.5,270.9285714,123,1.785714286,1.214285714,0.142857143,0,0.04645625,0.184211254,2.345679012,4.107845406,
21.96428571,233.4642857,132.4642857,1.910714286,0.928571429,22.14285714,186.8660714,158.9017857,1.026785714,0.464285714,0.071428571,1,0.147988258,0.068605076,3.445692884,2.005208333,
22.42857143,238.8571429,131.2142857,1.642857143,0.714285714,25,269.4285714,103.2142857,1.357142857,0.928571429,0,1,0.11993787,0.052665234,4.621513944,-2.488076312,
24.35714286,236.1160714,109.4285714,1.142857143,0.919642857,19.5,274.3839286,102.2410714,1.044642857,1.535714286,0.071428571,1,0.154247541,0.084172958,-0.281065089,0.682819383,
17.71428571,262.2857143,79.92857143,1.714285714,1.214285714,22.14285714,210.2857143,119,1.714285714,1.071428571,0,0,0.111624852,0.108840701,3.379310345,0.462598425,
20.9375,230.6875,120.625,1.125,0.8125,20.5625,253.125,107.3125,1.1875,1.1875,0,1,0.150650754,0.123312287,0.127118644,-0.891089109,
19.75,220.25,93.4375,1.1875,1.125,18.0625,239.0625,105.8125,1.875,1.5,0,1,0.184570483,0.080925688,-2.675675676,-3.690191388,
21.125,235,116.875,2,1.125,27.25,231.5625,130,1.5625,0.625,0,1,0.115197073,0.038283904,-0.616740088,0.102040816,
21.3125,213.25,114.25,1.3125,1,17.375,196.8125,118.875,1.875,1.75,0.125,1,0.086604598,0.047458482,-1.666666667,0.524861878,
18.3125,249.75,105.75,1.3125,1.5,24.9375,213,115.0625,1.5,0.625,0.125,1,0.132966667,0.135254017,0.72,20.06993007,
25.4375,266.5,106.5,1.625,0.875,20.9375,239.4375,118,1.375,0.875,0.125,1,0.122075235,0.067485311,-0.886075949,-1.975308642,
17.625,215.5,102.3125,1.625,0.8125,21.125,231.9375,126.9375,1.4375,0.875,0,0,0.11210179,0.093175068,0.583333333,0.765895954,
24.4375,253.875,115.8125,1,1,26.1875,265.0625,127.8125,0.875,0.9375,0.125,1,0.068740167,0.076207339,5.267857143,0.872093023,
18.6875,280.75,82.8125,2,0.75,25.375,194.1875,167.125,0.75,0.5625,0,1,0.05978382,0.115991165,5.049019608,-0.92936803,
17.375,231.9375,98.1875,1.9375,1.125,19.875,227.1875,103.1875,1.0625,1,0.125,1,0.192405247,0.152555497,5.143678161,6.078431373,
28,244.375,137.875,1.625,1,20.0625,241.9375,78.25,1.8125,1.375,0,0,0.149899612,0.023796452,-4.691907,9.292635659,
21.125,239.625,100.25,2.0625,1.125,22.1875,233.0625,109.4375,1.25,1.125,0.125,0,0.121464029,0.069315476,1.705882353,-1.806722689,
22.625,236.5,117.6875,1.4375,1,21.375,243.1875,82.6875,1.375,1,0.125,0,0.119437442,0.190274943,0.081081081,-0.70212766,
21,243.5625,99.25,1.3125,1.3125,23,275.5625,124.9375,1.75,0.8125,0,0,0.129853993,0.123576073,9.87745098,0.434782609,
17.66666667,238.9444444,93.38888889,1.666666667,1.444444444,20.38888889,222.0555556,102.6111111,1.333333333,1.111111111,0.111111111,0,0.072978554,0.137609624,-0.48951049,1.700581395,
23.83333333,241.4444444,129.7222222,1.333333333,0.722222222,20.94444444,214.2777778,113.2222222,1.666666667,1.055555556,0.111111111,0,0.056045926,0.108476415,0.952380952,-1.432160804,
21.55555556,210.4444444,118.9444444,1.611111111,0.722222222,22.05555556,243.1111111,112.7222222,2.166666667,1.111111111,0.111111111,1,0.042749123,0.157556276,-0.39893617,2.372505543,
22,269.2777778,104.2777778,1.722222222,1.277777778,25.94444444,256,101.5555556,1.611111111,0.944444444,0,1,0.169811701,0.04034963,-3.26440678,-0.34,
26.11111111,245.4444444,126.5555556,1.777777778,0.833333333,20.11111111,261.8888889,99.44444444,1.611111111,1.388888889,0.111111111,0,0.069470455,0.03490814,-4.093444909,-3.191927512,
25.83333333,268.0555556,129.5,1.166666667,0.611111111,20.38888889,244.1666667,109.9444444,1.277777778,0.666666667,0.111111111,1,0.128740257,0.051362766,-0.350877193,1.336633663,
26.27777778,246.8888889,148.8888889,1.111111111,0.777777778,20.5,229.9444444,93.55555556,2.055555556,1.111111111,0,1,0.075728682,0.204967331,-1.575342466,3.026315789,
21,235,123.7222222,1.111111111,1.166666667,23.44444444,240.6666667,115.5,1.388888889,0.888888889,0,1,0.115605442,0.107797159,-0.760869565,-2.176616915,
14.94444444,203,96.77777778,1.888888889,1.222222222,22.83333333,221.2222222,125,1.111111111,1,-0.111111111,0,0.066905099,0.091161569,0.45,0.31626506,
17.33333333,233,117.7777778,1.444444444,1.666666667,23.11111111,237.0555556,100.7777778,0.944444444,0.944444444,0.111111111,0,0.084941796,0.174765881,-0.02283105,3.636363636,
20.33333333,228.2222222,121.1666667,1.388888889,1.333333333,21.44444444,236.8333333,106.7777778,1.5,0.722222222,0,0,0.209290253,0.004115528,-2.407932011,2.5,
18.61111111,237,102,1.111111111,1.222222222,21.44444444,250.8333333,112.8888889,1.333333333,0.722222222,0,0,0.189601739,0.111472527,-3.097345133,2.272727273,
22.22222222,289.2777778,99.16666667,1.5,1.055555556,17.61111111,197.6111111,98.61111111,1.444444444,0.888888889,-0.111111111,1,0.212741218,0.114461062,3.364485981,-0.394736842,
24.61111111,233.1111111,119.9444444,1,0.777777778,25.22222222,292.8888889,101.7222222,1.166666667,0.777777778,0,1,0.116092608,0.109989474,1.20049505,0.903846154,
25,234.9444444,117.0555556,2,0.777777778,24.72222222,256.9444444,125.4444444,1.388888889,1.611111111,0.111111111,1,0.157481628,0.086437882,1.561904762,1.340206186,
27.27777778,284.2222222,125.4444444,1.444444444,0.722222222,22.22222222,257.6666667,83.11111111,1.5,0.722222222,0.111111111,1,0.15269332,0.11568,5.243243243,-1.134146341,
23.8,284.7,94.65,1.3,1.2,26.3,233.75,121.7,1.5,0.7,0.1,0,0.154717442,0.197182555,-2.575107296,-2.804391218,
19.95,240.65,94.65,1.55,1,25.3,273.3,106.4,1.4,1.1,0.1,0,0.223366004,0.16707732,-1.11328125,-2.081005587,
25,230.15,132.1,1.45,0.95,19.6,248.6,93.45,1.5,0.9,0,1,0.153274792,0.130559242,0.687331536,-0.885714286,
21.4,247.95,98,1.2,1,20.85,261.35,124.75,1.5,1.35,0,0,0.120035521,-0.010230879,-0.523917995,6.857798165,
26.15,269.25,125.25,1.6,1.25,22,213.9,112.4,1.85,1.25,0.1,1,0.096687021,0.079546154,-1.235772358,-1.256410256,
22.1,267.7,115.25,1.25,1.1,27.2,254.7,117.4,1.25,0.65,0,1,0.024390625,0.023308654,-1.2109375,9.807692308,
18.9,239.25,88.35,1.8,1.2,25.55,221.15,140.75,1.35,0.6,0,0,0.184042985,0.086627653,3.309859155,-0.693641618,
20.1,240.9,120.55,1.1,1,22.2,259,97.95,1.1,1.2,0,1,0.200499642,0.075543049,-2.144886364,-2.159709619,
22.2,208.4,120.85,1.45,1,16.15,216.55,106.4,1.7,1.5,0.1,1,0.087907113,0.098852713,-1.27753304,-1.123853211,
22.3,212.55,132.4,1.9,0.9,19.75,226.95,113.2,1.35,0.9,0,0,0.074406832,0.003085542,-3.30075188,0.07751938,
19.6,244,93.9,1.25,0.85,23.8,253.8,135.05,1.05,0.65,0.1,0,0.030348598,0.176632759,0.035714286,-0.1,
21.95,226.15,126.55,1.35,1.1,19.35,221.25,109.8,1.55,0.75,0.1,1,0.195845763,0.140466,-2.733711048,-1.515151515,
20.85,225.55,99.35,1.25,1.7,21.5,244.65,114.4,2.15,0.95,0,1,0.175859205,0.188145826,2.04989154,-1.821480406,
20.75,276.45,88.6,1.8,0.7,23.2,229.15,122.95,0.95,0.75,0.1,0,0.002447312,0.191601887,-0.94637224,0,
23.95,255.25,87.65,1.1,0.8,24.5,270.95,124.2,1.55,0.9,0.1,0,0.105580928,0.228637864,-0.928338762,-3.047493404,
20.35,225.4,95.65,1.65,1.05,22.6,253.85,115.45,1.35,1.05,0.2,0,0.140887685,0.135772368,-1.038251366,0.87431694,
27.13636364,284.2272727,123.4090909,1.454545455,0.636363636,23.68181818,241.9545455,117.5454545,1,1.181818182,0.090909091,1,0.125938641,0.093745038,-0.764840183,3.865979381,
24.5,268.6363636,134.7727273,1.727272727,1.181818182,20.68181818,234.5909091,95.45454545,2.045454545,1.090909091,0,1,0.126399477,0.121189441,-0.496760259,-1.475826972,
19.72727273,249.5,112.7272727,1.045454545,1.318181818,20.04545455,211.0454545,110.3636364,1.545454545,0.909090909,0.090909091,0,0.154896575,0.148150708,-1.641221374,2.159763314,
22.45454545,250.0454545,98.31818182,1.181818182,0.818181818,16.04545455,224.8636364,111.6818182,1.545454545,1.227272727,0.090909091,1,0.188382941,0.133,-1.42172524,-0.720930233,
19.18181818,230.7272727,100.4545455,1.909090909,1,25.13636364,262.4545455,108.5909091,1.363636364,1.272727273,0.090909091,0,0.070128446,0.168684946,3.298611111,2.464114833,
25.04545455,232.2272727,115.9545455,1.272727273,0.863636364,20.81818182,240.7272727,126.5,1.5,1.409090909,0.090909091,0,0.045995088,0.151579121,-2.597402597,-0.856164384,
27.63636364,229.0909091,157.9545455,0.909090909,0.454545455,21.86363636,283.2272727,87.90909091,1.636363636,0.681818182,0.090909091,1,0.182714871,0.050189101,4.965986395,-0.408560311,
19.54545455,252.5909091,82.68181818,2,1.318181818,22.90909091,231.2727273,115.2727273,1.681818182,1.090909091,0.090909091,0,0.060037642,0.142733333,7.03539823,-0.676923077,
22,223.9545455,143.7727273,1.181818182,0.954545455,21.27272727,225.0454545,101.4090909,1.227272727,0.954545455,0.090909091,1,0.159825911,0.132895039,-3.33655706,0.656779661,
25.72727273,264.5,123.5,1.545454545,0.681818182,21.81818182,214.1818182,110.4090909,1.727272727,1.181818182,0.090909091,0,0.149645231,0.062870877,2.837837838,0.331858407,
26.5,281.5,98.31818182,1.318181818,0.909090909,23.09090909,251.4545455,112.6818182,1.454545455,1.090909091,0.090909091,0,0.076318137,0.155459975,0.08,2.22361809,
19.31818182,236.3181818,90.68181818,2,1,24.18181818,243.2272727,125.4090909,0.954545455,0.909090909,0.090909091,0,0.161366412,0.166349398,1.551724138,2.093023256,
19.45454545,239.7272727,105,1.5,0.909090909,22.68181818,231.2272727,130.1818182,0.863636364,0.954545455,0.090909091,0,0.098684706,0.140623108,2.753623188,-0.348258706,
22.04545455,226.1363636,104.2272727,1.272727273,1.136363636,18.86363636,236.3181818,110.8636364,1.681818182,1.181818182,0.090909091,1,0.14285,0.105451799,-0.283687943,0.029585799,
19.59090909,253.5,89.18181818,1.772727273,1,20.09090909,221.0454545,113.8636364,1.454545455,0.818181818,0,0,0.139500756,0.056922577,13.21875,2.684563758,
23.68181818,234.8636364,99.36363636,1.045454545,0.545454545,24.09090909,262.3636364,129.3636364,1.090909091,1.045454545,0.090909091,1,0.135677193,0.117015152,13.09090909,5.924170616,
23.04166667,200.8333333,127.6666667,1.375,0.875,23,283.0416667,101.25,1.291666667,1.25,0,0,0.075863636,0.078074627,-1.378378378,0.255905512,
20.08333333,231.5,113.5,1.5,1.291666667,23.41666667,213.25,141.1666667,1.375,0.791666667,0,1,0.198348958,0.163392453,-2.359550562,-0.826446281,
24.54166667,228.7083333,122.4583333,1.333333333,0.958333333,18.58333333,255.875,77.29166667,1.708333333,1.208333333,0.083333333,1,0.208126291,0.0803875,-0.305676856,-2.447698745,
21.91666667,215.2083333,137.9166667,1.458333333,0.958333333,24.29166667,236.7916667,129.25,1.625,1,0,1,0.210641379,0.23868087,1.611570248,-0.912863071,
16.125,218.0833333,101.1666667,1.666666667,1.416666667,25.45833333,230.75,128.7083333,0.916666667,0.916666667,0,0,0.124169112,0.157708553,-0.235294118,1.497326203,
19.70833333,240.4166667,108.9166667,1.541666667,1.375,22.33333333,241.2083333,128.0833333,1.458333333,0.708333333,0,0,0.080665749,0.003267532,4.494584838,-1.028037383,
19.16666667,243.4583333,100.125,1.5,1.208333333,25.375,255.6666667,114.4583333,1.625,0.75,0,1,0.068356548,0.190173566,-1.121323529,1.160714286,
20.5,252,115.4583333,1.291666667,0.958333333,20.79166667,236,93.125,1,0.958333333,0,1,0.078077941,0.146802041,0.027173913,-0.187969925,
22.33333333,276.3333333,101,1.625,1.083333333,19.125,216.6666667,106.6666667,1.5,0.708333333,0,1,0.246979724,0.074146552,-0.512820513,-1.598360656,
23.33333333,277.2083333,103.7083333,1.5,0.791666667,22.83333333,206.2916667,135.2083333,0.958333333,0.708333333,0,1,0.069128704,0.071723016,-1.702586207,0.341296928,
21.04166667,218.2083333,124,1.333333333,0.833333333,18.625,237.3333333,97.04166667,1.25,1,0,0,0.062284827,0.083992169,-2.17462039,1.107954545,
22.20833333,226.0833333,112.75,1.541666667,0.916666667,24.75,273.4166667,115.2083333,1.375,0.75,0,1,0.106144351,0.013754362,-0.894736842,11.08050847,
21.45833333,255.0833333,108.5,1,1.375,23.79166667,241.25,98.20833333,1.416666667,0.875,0,0,0.149065903,0.177719385,0.053380783,-2.135678392,
23.95833333,259,101.5,1.375,1.458333333,28.33333333,270.5,125.9166667,1.75,0.791666667,0,0,0.157388278,0.123476209,0.495652174,5.107816712,
19.75,217.875,112.8333333,1.916666667,1.416666667,23.375,234.3333333,117.4583333,1.458333333,1.125,0.083333333,0,0.111020345,0.064539321,5.406976744,3.669064748,
20.375,238.9583333,114.125,1.166666667,0.791666667,24.20833333,273.9166667,104.9166667,1.166666667,0.75,0,0,0.120386567,0.07669177,1.01744186,-1.852487136,
24.38461538,270.6923077,106.7307692,1.307692308,0.923076923,19.07692308,207.5,100.0769231,1.076923077,1,0,1,0.21018878,0.115943925,-0.359477124,-0.783783784,
19.73076923,234.0384615,108.8846154,1.153846154,0.846153846,21.65384615,221.9230769,135.5384615,1.307692308,0.615384615,0,0,0.106013793,0.071174691,-0.180722892,-1.78913738,
19.76923077,241.4615385,106.2692308,1.153846154,1.384615385,22.30769231,215.2307692,117.8461538,1.576923077,1,0,1,0.070772381,0.085234756,0.737704918,0.04950495,
24.84615385,243.0769231,105.8461538,1.192307692,0.846153846,22.34615385,264.8076923,124.8076923,1.192307692,0.961538462,0,1,0.118666667,0.114295181,1.641791045,-2.053140097,
21.69230769,218.4230769,136,1.307692308,1,19.23076923,214.3846154,106.5,1.769230769,0.884615385,0.076923077,0,0.07323,0.162513445,-0.558139535,0.390070922,
26.07692308,290.6538462,96.26923077,1,1.038461538,23.57692308,208.6538462,149.4615385,1.384615385,1,0.076923077,1,0.134158407,0.12322082,0.992509363,2.21875,
21.88461538,227.5384615,120.3076923,1.730769231,0.653846154,21.23076923,233.6153846,114.9230769,1.230769231,1.269230769,0.076923077,0,0.064002817,0.145401333,-0.235294118,-0.497630332,
20.53846154,231.0769231,107.4615385,1.884615385,0.653846154,21.5,265.1538462,99.92307692,1.384615385,1.192307692,0.076923077,1,0.114749351,0.178567619,-1.798365123,-0.982142857,
24.5,243.0384615,125.9230769,1.384615385,1.576923077,24,239.7692308,120.6153846,2.346153846,0.846153846,-0.076923077,0,0.094905759,0.18548553,3.665283541,-1.193333333,
24.26923077,271.7692308,117.5769231,1.576923077,1.076923077,23.23076923,265.5769231,104.8076923,1.576923077,1.153846154,0,1,0.150257273,0.051872964,-2.436708861,1.511406844,
19.80769231,210.6923077,127.7307692,1.576923077,1.307692308,22.34615385,211.0769231,111.4615385,1.692307692,1.230769231,0,1,0.151570297,0.081356757,-0.987654321,-1.698717949,
19.38461538,242.6153846,96,1.192307692,1.346153846,25.53846154,261.7692308,121.8846154,0.807692308,0.692307692,0,0,0.094691358,0.221947246,-1.0546875,0.061728395,
26.53846154,227.5769231,149.8076923,1.769230769,0.769230769,22.15384615,250.6153846,111.2307692,1.576923077,0.653846154,0,1,0.116331557,0.054895868,-0.329949239,-2.931488801,
20.46153846,224.0769231,104.3846154,1.461538462,0.615384615,18.11538462,236.6923077,101.8846154,1.730769231,1.115384615,0.076923077,0,0.157860944,0.025529348,0.589147287,0.978886756,
23.23076923,238.6923077,114.8846154,0.923076923,0.884615385,22.38461538,272.1923077,103.8461538,1.115384615,1.192307692,0,1,0.25109562,0.096768367,1.754385965,2.101449275,
17.61538462,227.8846154,105.2307692,1.653846154,1.461538462,20.26923077,217.2692308,99.96153846,1.192307692,1.115384615,0,0,0.066757725,0.138287625,9.888268156,2.209507042,
23.46428571,224.5,124.1428571,1.357142857,0.928571429,14.39285714,208.6785714,90.07142857,1.821428571,1.285714286,0.071428571,1,0.085373569,0.105543781,-2.115117892,-0.269230769,
23.25,237.3214286,97.75,1.678571429,1.214285714,25.85714286,258.3571429,124.4285714,1.428571429,1.142857143,0.071428571,1,0.09843431,0.184975477,2.524271845,-0.324074074,
20.42857143,231.1428571,102.8571429,0.892857143,0.964285714,19.46428571,230.9642857,109.1428571,1.392857143,0.964285714,0,1,0.013551064,0.108271471,-0.8125,2.179487179,
20.57142857,244.5357143,111.3214286,1.464285714,1.25,28.53571429,234.1071429,135.5714286,1,0.535714286,0,0,0.155464151,0.258864315,-0.394736842,-2.126623377,
18.03571429,218.6071429,100.4285714,1.642857143,0.928571429,21.25,238.7142857,120.75,1.178571429,0.928571429,0.071428571,0,0.100581206,0.194574295,-0.367647059,-0.085106383,
19.71428571,218.6785714,95.82142857,1.464285714,0.892857143,19.17857143,226.9285714,115.3928571,1.857142857,1.107142857,0,1,0.185895375,0.070281385,-2.167277167,-0.782504013,
20.28571429,235.7142857,114.8571429,1.571428571,1.035714286,20.32142857,233.9642857,99.71428571,1.357142857,0.928571429,0,0,0.09123,0.101852761,-1.256544503,0,
21.57142857,230.8214286,141.3571429,1.142857143,0.75,21.53571429,218.75,111.3214286,1.464285714,0.892857143,0.142857143,1,0.081504089,0.173521368,-0.447761194,-2.865168539,
23.64285714,240.6428571,142.8571429,1.5,1.035714286,22.60714286,267.8928571,104.8928571,1.357142857,1.035714286,0,0,0.000907619,0.105535096,-2.034632035,-2.751824818,
24.82142857,220.5714286,146.6428571,1.857142857,0.928571429,25.39285714,259.1071429,107.9642857,1.214285714,0.821428571,0,0,0.199266447,0.143528022,1.277173913,-1.09375,
19.32142857,216.9642857,92.21428571,1,1.142857143,26.78571429,265.8571429,116.5357143,1.321428571,0.892857143,0.071428571,1,0.112155357,0.082265835,2.714285714,7.64084507,
24.21428571,280.1785714,96.39285714,1.285714286,0.714285714,26.71428571,254.2857143,140.1785714,1.142857143,0.678571429,0.071428571,1,0.055647123,0.147877143,-1.066878981,-0.819672131,
22.17857143,237.5,102.1785714,1.928571429,0.964285714,20.71428571,229.6071429,130.9285714,1.571428571,1.357142857,0.142857143,1,0.196730404,0.053845708,-0.255102041,-2.478052674,
22.96428571,246.0714286,119.8928571,1.285714286,0.607142857,20.32142857,225.3928571,110.8571429,1.071428571,1.357142857,0,1,0.132368376,0.133408837,-1.049382716,1.534653465,
22.82142857,223.9642857,119.8214286,1.357142857,0.642857143,21.96428571,267.2857143,100.9285714,1.392857143,1.357142857,0.071428571,0,0.1329121,0.140631908,14.49186992,7.155555556,
25.92857143,243.3214286,125.6071429,1.535714286,0.785714286,20.82142857,229.5,112.6071429,1.25,1.714285714,0.142857143,0,0.106083459,0.082924194,8.695271454,-3.719512195,
27.5,420.5,77.5,1,0.5,35,310.5,101,1,0,1,0,0.082210475,0.222601449,-2.594799567,-2.760327757,0
20,202,75.5,2.5,1.5,26,210.5,117,1.5,0.5,0,1,0.094638117,0.115787433,-2.921597633,-2.899659864,1
10.5,271.5,54.5,2.5,2,25.5,199.5,166.5,1,0,1,1,0.118967353,0.127037612,-3.639910814,-2.254169063,2
20.5,299,44,2,1,20,258.5,113.5,2.5,0.5,0,1,0.143587772,0.057078236,-2.241112828,-2.022963368,3
23,369,95.5,2,0.5,36,312,95.5,1.5,0.5,1,1,0.126052991,0.12427978,-1.458966565,-2.417022675,4
34,256.5,144.5,2.5,1,13.5,192.5,82,3,1,1,1,0.244302191,0.025102954,-2.57793765,-1.526915114,5
17,185,101.5,2.5,0,25.5,216.5,125,1,1.5,1,0,0.1294444,0.161196423,-3.759469697,-3.140462889,6
30.5,256,100.5,2.5,1,15,112,149,2,0.5,0,1,0.181110807,0.148734483,-0.106288751,-3.233956544,7
24.5,363.5,74,0.5,0.5,21,288.5,87,1.5,0.5,0,1,0.161183081,0.156984454,-3.180535966,-1.570093458,8
22,172,142.5,2,1,22,300.5,66.5,2.5,1.5,1,0,0.101286223,0.137251724,-3.23674476,-3.251833741,9
30,229.5,65,2,0.5,20.5,269.5,64,3,1,-1,0,0.189097749,0.116779112,-2.312186978,-2.739269142,10
27.5,278,132.5,0,1,24,375.5,87.5,1,1.5,1,1,0.206025051,0.128502331,-2.938613111,-1.53024911,11
15.5,306.5,81,2,0.5,36,368.5,136.5,0.5,1.5,0,0,0.078975783,0.176879851,-2.241512346,-2.767584098,12
18.5,258.5,60.5,2.5,1,25,139,164.5,2,0,-1,1,0.157335863,0.13200506,-2.039840637,-2.380106572,13
12.5,264,132,2,0.5,30.5,249.5,162,2,0.5,0,1,0.127108586,0.174657358,-1.015957447,-1.348236116,14
22.5,227.5,155.5,1,0.5,20.5,257,114,1.5,0,1,1,0.146693287,0.132621986,-2.541066041,-1.18287373,15
22.5,324.75,72.25,0.5,1.75,19.25,225.75,124.5,1.25,1,0,1,0.160828088,0.062254307,0.754504505,-3.172635445,16
21.25,264.5,94.75,0.75,0.5,18.25,217.75,94.25,2.5,0.75,0.5,1,0.161159681,0.145219638,1.967213115,-1.668909825,17
21,264,104,1.75,0.25,28,251.5,117,1,0.5,0,1,0.160904215,0.145153861,-2.430257511,1.335616438,18
26.25,292.75,108.25,1.25,0.5,20.75,237.5,124.75,1.25,0.75,0.5,1,0.155933621,0.036707846,1.52360515,-1.979020979,19
23.25,283.5,80,2,0.75,24.5,177.75,93.25,1,0.5,1,0,0.067501828,0.113464855,3.203389831,-1.98757764,20
31,316.5,145.5,1,1.25,28.75,345.5,109.75,0.75,0.75,0,1,0.155505363,0.157645694,1.027149321,-0.988051471,21
26.5,284.25,125.5,2.25,0.25,22.5,223.75,121.5,0.75,1,0.5,0,0.145660287,0.011037096,-0.923003348,0.204498978,22
15,166.5,138,2.25,1.25,30.75,301.25,99.25,1.5,1.25,0,0,0.056133261,0.141200603,0.052447552,0.95709571,23
21.25,220.25,124.25,1.5,1.5,29.25,271.25,101.75,1.75,1.25,1,1,0.136872289,0.101808517,1.638054363,0.680272109,24
33.5,310.75,106.75,1.25,1.5,15.5,178.5,128,1.25,1.25,0,1,0.145034916,0.055998142,-1.217948718,-1.341281669,25
15.5,294.5,88.25,2.5,1,26.75,207.75,142.5,0.75,0.75,0,0,0.186173313,0.122566667,-2.614068441,-0.680628272,26
25,351.75,75,2.25,1,28.5,302.25,113.75,1,0.25,0,0,0.121363909,0.173012811,-0.919211196,-1.124237805,27
15,267.25,85.25,0.75,1,26.5,249.25,100.25,1.5,0.25,0.5,1,0.116562156,0.192978815,1.376518219,1.832425068,28
26.25,283.75,95.5,2.5,1,23.5,261.75,140,2,1,0,1,0.191383857,0.147795812,0.909090909,-1.06141522,29
15.25,192.75,93.5,1,0.25,23,256,115.75,2.25,1.25,0,0,0.148317602,0.178574921,0.353053435,0.413701068,30
21.5,323.25,69.25,2.5,1.25,25.25,277.5,91.25,1,1,1,1,0.113182453,0.110076186,5.699166132,10.83333333,31
14.83333333,246.6666667,103,3,0.666666667,27,274.1666667,139,1,0.666666667,0,0,0.184595824,0.112531878,0.876494024,-3.676050592,32
16.83333333,230.6666667,90.33333333,1.333333333,1.333333333,28.16666667,212.3333333,141,1.166666667,0.833333333,0.333333333,1,0.141685466,0.07823272,-1.649694501,1.557093426,33
19.16666667,273.1666667,95.5,3.333333333,1.333333333,28,294.8333333,69.83333333,1.666666667,0.833333333,0,0,0.165652941,0.184907227,-3.261390887,1.689750693,34
17.33333333,196.5,87.66666667,1.5,1,19.83333333,258.5,90.16666667,1.5,0.666666667,0,0,0.219830769,0.018608477,-0.15625,3.985294118,35
21.66666667,248.5,106.1666667,1,1.333333333,27.83333333,241.6666667,121.5,1.166666667,0.833333333,0.333333333,1,0.068627562,0.181533086,-3.047520661,1.636636637,36
21.66666667,249.6666667,122.3333333,2.333333333,1.5,24.5,193.6666667,100.5,1,0.5,0.333333333,0,0.129463027,0.147233605,-0.797653959,1.636597938,37
19.5,225.6666667,112.5,1.666666667,1,27.66666667,277,91.66666667,0.666666667,0.833333333,0.333333333,0,0.11777554,0.188979442,-1.41959799,0.396659708,38
24.16666667,226.5,118.6666667,0.333333333,0.5,19,282.3333333,95.66666667,1.666666667,1.166666667,0,1,0.088293034,0.14002225,-0.418918919,-0.094494659,39
21.33333333,269,85.33333333,2.666666667,0.666666667,21.5,316.3333333,96.66666667,1,1,0,1,0.175248083,0.14437567,-1.274356976,-1.477495108,40
17.83333333,222.1666667,92.16666667,1.666666667,1,21.16666667,255.5,96.16666667,1.333333333,1,0,0,0.163758873,0.13521378,-1.206349206,-1.483050847,41
19.83333333,276.5,98.66666667,2.666666667,1,21.16666667,271.5,110.6666667,0.333333333,1,0,0,0.199823493,0.164266948,10.5333998,-0.425671251,42
23.83333333,322.6666667,101,0.833333333,1.333333333,20.33333333,246.5,120.5,0.833333333,0.833333333,0,1,0.080477212,0.059729492,-0.305084746,0.763888889,43
28.5,291.1666667,138.3333333,1,1,31,377.3333333,111.5,0.833333333,1.333333333,0,0,0.197837311,0.134476858,4.148706897,0.96792669,44
26.83333333,277.5,104.5,1.333333333,0.166666667,22,304.1666667,65.5,1.833333333,1.333333333,0.333333333,1,0.21442169,0.089882394,-0.275319567,-1.03030303,45
24.33333333,236.5,132.1666667,1.333333333,1.166666667,20.5,281.6666667,83,1.666666667,1.5,0.333333333,1,0.138643363,0.096296264,3.248484848,-0.572384642,46
24,247.3333333,102.6666667,1.833333333,1.166666667,17.66666667,234,102,2.166666667,0.5,0,1,0.20127752,0.036584984,2.810650888,5.374331551,47
15,257.25,90.75,1.375,1.25,20,228.25,93.125,0.75,0.375,0.25,1,0.09107052,0.155040934,-0.129815745,-1.963993453,48
14.125,178.625,106.75,1.75,0.875,20.625,239.25,111.125,0.625,1.125,0,0,-0.007086758,0.169945899,-0.245614035,4.365079365,49
27.5,265.5,142.25,0.875,0.75,22.625,233.875,143.75,1,0.875,0,0,0.056035833,0.088517321,-0.044247788,2.73557126,50
23.625,227.5,106.5,1.375,0.75,19.625,221.25,121.875,1.625,1,0,0,0.195093865,0.146203368,-3.462199313,-0.516717325,51
23.375,313.875,99.625,0.75,0.875,28.625,283.5,131.375,1.375,0.75,0,0,0.155757906,0.185406864,-0.375,-0.570599613,52
29.25,248.625,138.25,0.625,0.75,24.625,281.875,146.5,1.625,1.625,0,1,0.18787528,0.076644654,-2.664027149,-0.495464061,53
24.875,255.75,96.25,0.875,0.5,18.125,241.25,92,1.75,1,0.25,0,0.157037757,0.04095674,-1.49964209,-1.213389121,54
20.5,235.625,131.25,0.875,0.75,22.75,283.125,92.875,1.5,0.875,0,1,0.066050638,0.157428524,-0.052770449,1.246790757,55
21.375,242.375,97.125,1.875,0.375,19.875,272.25,95.5,1.625,1.25,0.25,1,0.161957689,0.237519253,2.203883495,-2.613636364,56
28.75,290.625,126.625,0.75,1.375,24.75,314,89.875,1.625,1.5,0.25,1,0.204453619,0.08222055,-0.393474088,0.590692124,57
20.75,222.125,94.125,1,1.25,25.25,305.25,102.375,1.5,1,0.25,0,0.108589895,0.135799265,0.089058524,-2.02166065,58
23.375,320.125,85.375,1.25,1.5,31.625,306.25,103.375,1.125,1.125,0.25,0,0.090757743,0.200519179,1.325301205,0.639958377,59
29.125,313.125,99.375,1.5,0.75,21.25,237.625,104.625,2,1.375,0.5,1,0.212695995,0.172834667,6.071428571,3.624476987,60
24.6,247.8,126.4,1.3,0.8,18.1,212.8,85.3,1.6,0.2,0.2,1,0.140432673,0.164881236,-0.988700565,-0.460893855,61
23.6,251.9,117,1.2,0.9,24.6,313.1,102.9,1,1.2,0.2,1,0.115795982,0.155890775,-1.438095238,1.081081081,62
21.7,255.7,105.4,0.8,1.2,14.8,177.8,114.7,1.5,0.7,0.2,1,0.18595856,0.090902667,-0.808254514,0.092250923,63
24.7,292.8,111.1,1.1,1.7,28.7,263.2,130.2,1.4,1,0.2,1,0.103597512,0.220097295,-0.700408998,0.956416465,64
31.425,289.85,139.375,1.275,0.675,16.85,268.05,84.15,2.1,1.125,0.35,1,0.209482034,0.085505295,-1.042435424,2.966101695,65
23.7,286,86.1,1.7,1.2,23.1,219,116,1.5,0.8,0.2,0,0.200109039,0.18182371,-2.297802712,1.617250674,66
23.575,237.825,133.475,1.025,0.925,20.375,261.55,125.05,2.75,1.275,-0.1,0,0.125722588,0.069451676,6.517719569,0.154918668,67
25.225,216.675,143.15,1.125,0.775,22.55,280.9,104.275,1.35,0.875,0.35,1,0.187732398,0.108474545,-2.329653597,2.877758913,68
24.375,234.925,114.775,1.5,0.875,19.825,253.075,102.65,1.675,1.25,0.1,1,0.123106051,0.097775804,0.044085231,1.726190476,69
21.2,251.9,109.2,1,0.9,28.2,311.8,119.4,1.3,0.7,-0.2,1,0.171186076,0.186313456,1.011904762,-0.010917031,70
29.125,312.9,95.175,0.6,1.1,24.275,337.3,96.575,1.9,1.575,0.1,1,0.173940157,0.14512025,-0.098958333,5.112068966,71
21.3,267.9,88.9,1.2,1,23.3,232.8,147.8,1.2,0.6,0,1,0.128157835,0.108498007,-1.043056398,-0.173333333,72
25.1,275.1,91.85,1.15,0.75,21.125,238.675,125.025,1.2,1.325,0.1,1,0.09654725,0.139242515,0.638562789,7.238955823,73
20.83333333,261.2333333,86.8,1,0.9,21.15,248.6833333,115.5833333,0.916666667,1.016666667,0.1,0,0.162062599,0.159525157,2.169811321,-1.780973451,74
21.5,264.5,119.6,1.6,1,23.3,252.3,104.3,1.1,0.9,0.2,0,0.103424167,0.088460894,-3.240360952,18.9,75
22.98333333,208.8333333,97.21666667,1.016666667,0.916666667,22.91666667,261.6833333,127.4,1.9,1.45,0.1,1,0.145870337,0.095166572,-0.272870662,10,76
21.3,259.9,89.7,1.4,0.8,21.1,218.7,106.4,1.5,0.8,-0.2,1,0.103036391,0.111690148,-1.934267241,10.13812155,77
19.38333333,271.4166667,113.1666667,1.816666667,1.25,23.18333333,239.9,125.0666667,1.366666667,1.15,0.1,1,0.177600166,0.089349672,1.172839506,-2.140468227,78
20.41666667,269,116.8333333,1,0.833333333,24.25,267.3333333,109.4166667,1.75,0.75,0,0,0.257056463,0.187423849,0.97359736,0.233716475,79
27.08333333,292.9166667,94.16666667,1.5,1.083333333,20.75,231.6666667,119.75,1.083333333,1.166666667,0,0,0.155534404,0.18620989,-0.869377163,-0.50802139,80
18.1,217.3833333,107.9166667,1.45,0.783333333,22.01666667,272.7333333,120.5666667,0.983333333,0.9,0.1,0,0.148080201,0.173687508,12.40046237,1.394871795,81
19.58333333,253.8333333,112.5,1.083333333,1.083333333,28.5,314.5,90.5,0.833333333,0.833333333,0,0,0.108986144,0.199227763,4.08839779,1.381118881,82
25.2,293.5,123.3,2,1.2,17,249.1,83.6,2,0.8,0.2,1,0.143061365,0.117523594,-2.557544757,-0.085106383,83
28.33333333,236.25,139.8,1.166666667,0.833333333,20.2,244,120.2833333,1.283333333,0.916666667,-0.1,0,0.143432734,0.125745928,4.37277263,4.915254237,84
28.33333333,312.9166667,122.25,1,0.916666667,21.25,244.9166667,96.58333333,1.083333333,0.416666667,0.166666667,1,0.118319053,0.14274072,2.253829322,1.307692308,85
13.1,193.55,99.63333333,2.3,1.1,25.8,238.8833333,118.3,1.15,0.9,0.1,1,0.092935946,0.137590956,5.362318841,-0.757465404,86
15.95238095,241.452381,104.3571429,1.833333333,0.535714286,31.32142857,295.5952381,154.9880952,0.952380952,0.904761905,-0.071428571,1,0.144120833,0.118635257,-1.677489177,0.113122172,87
25.66666667,262.5,110.5833333,1.25,0.75,16.58333333,234.25,91.91666667,2.416666667,1.166666667,0,1,0.090928728,0.17377837,-1.935622318,1.889577797,88
25.4047619,265.2142857,107.5952381,1.154761905,0.714285714,19.17857143,220.2142857,109.3214286,1.130952381,0.714285714,-0.071428571,1,0.100734818,0.09724867,-1.616541353,2.37804878,89
25,283.6666667,104.3333333,1,0.583333333,19.75,256.5833333,119.9166667,2.083333333,1.166666667,0,1,0.09829114,0.087390422,4.001189061,2.552447552,90
22.92857143,240.2142857,121.6428571,0.714285714,0.857142857,15.35714286,185.5714286,111.6428571,1.714285714,1,0.142857143,1,0.120625866,0.167121782,1.340206186,-0.821678322,91
24.57142857,298.2142857,108,0.928571429,1.071428571,23.64285714,214.5,143.2142857,1.071428571,0.571428571,0,0,0.183661985,0.061063911,0.68,-0.668693009,92
25.33333333,242.3333333,129.25,1.416666667,1,21.91666667,271.8333333,121.25,1.166666667,1.833333333,0,1,0.175528571,0.052486133,3.99898374,-0.321637427,93
20.03571429,211.0833333,121.8809524,1.392857143,1.297619048,26.77380952,272.1547619,105.6071429,1.535714286,0.535714286,0.071428571,0,0.181556101,0.168709831,-3.467573222,0.382198953,94
23.91666667,187.3333333,125.5,1.5,0.5,16.16666667,255.5,82.91666667,1.666666667,1,0.166666667,1,0.193122576,0.11699901,3.935845214,-0.149384886,95
22.03571429,307.6190476,109.6785714,0.916666667,1.095238095,24.13095238,274.3214286,115.5714286,0.464285714,0.80952381,0.071428571,1,0.111750245,0.155469619,1.760224539,4.139213603,96
17.33333333,206.25,85,1.75,0.666666667,22.08333333,248.4166667,105,1.083333333,0.916666667,0.166666667,0,0.137798256,0.18387642,-2.618613139,12.94014085,97
22.75,264.0833333,119.8333333,1.5,1.5,24.5,270.4166667,121.75,1.666666667,1.25,0.166666667,1,0.120612291,0.109398337,6.018031555,4.511343805,98
20.08333333,185.3333333,125.5,0.75,1.083333333,24.25,263.9166667,121.9166667,1.333333333,1.666666667,0.166666667,1,0.185699013,0.103743313,2.222222222,-1.04040404,99
19.20535714,241.0803571,100.2767857,1.473214286,0.955357143,27.03571429,254.7142857,128.3571429,0.785714286,0.758928571,0.053571429,0,0.211762416,0.142611401,-1.247933884,6.086309524,100
22.71428571,270.8571429,108.7857143,1.571428571,1.214285714,19.35714286,242.9285714,85.78571429,1.428571429,1,0,1,0.141710331,0.104341603,-2.78440367,-1.149425287,101
25.92857143,229.6428571,133.7142857,1.071428571,1.357142857,22.78571429,249.0714286,106.2142857,1.285714286,1.428571429,0,0,0.191208641,0.108515201,-0.508187465,4.704704705,102
15.92857143,261.8571429,84.35714286,1.928571429,1.5,23.28571429,213.9285714,129,1.785714286,0.571428571,0.142857143,0,0.089971949,0.195527425,-0.36875,-2.532763533,103
28.32142857,311.4821429,120.4017857,1.035714286,1.125,21.16964286,244.6339286,112.1339286,0.991071429,0.964285714,0.339285714,1,0.149554788,0.182826757,-1.408554572,2.859116022,104
21,238.7142857,117.0714286,1.142857143,0.785714286,19.78571429,242.5,119.5,1.5,1.5,0,0,0.168895671,0.086098614,-1.591715976,-2.114197531,105
22.875,225.2321429,134.5803571,1.223214286,0.598214286,16.70535714,218.7589286,92.47321429,1.491071429,0.982142857,0.071428571,1,0.184129793,0.018651606,-0.731707317,1.612318841,106
25.71428571,239.7857143,138.5,1.357142857,0.928571429,22.21428571,239,121.3571429,1.5,1.071428571,0,0,0.122487509,0.06632823,-1.003802281,-0.401023891,107
18.71428571,239,77.14285714,1.428571429,0.642857143,22.57142857,233.7857143,116.3571429,0.785714286,1.071428571,-0.142857143,0,0.163935698,0.153646408,0.013888889,-2.953876349,108
23.92857143,244.3571429,132.5714286,1.5,1.071428571,19.28571429,260,109.5,1.714285714,0.571428571,0.142857143,1,0.204853741,0.134196907,-4.678862224,1.57980456,109
21.57142857,301.7142857,109.0714286,1.428571429,1.714285714,27.78571429,267.9285714,108.7857143,0.642857143,0.857142857,0,0,0.045423367,0.182369749,-0.765306122,5.438356164,110
26.14285714,295.8571429,121.2857143,1.285714286,1.142857143,23.85714286,320.1428571,93.28571429,0.928571429,1,0.142857143,0,0.112936615,0.106898796,-2.159883721,-0.142007926,111
18.85714286,246.0892857,102.2589286,1.785714286,0.9375,21.90178571,219.7589286,103.0625,1.178571429,0.553571429,0.071428571,0,0.138486798,0.11505072,3.152431791,8.592436975,112
23.5,284.1428571,144.2857143,1.428571429,1.357142857,23,236.2142857,116.5,1.142857143,1,0.142857143,0,0.149431973,0.181905514,-0.574497102,5.39897511,113
25.9375,284.25,125.875,1.3125,1.3125,24.25,215,135.9375,1,1.3125,0.125,0,0.051445161,0.135831149,-1.054216867,-3.296860133,114
17.90972222,225.9583333,94.78472222,1.118055556,1.236111111,25.36111111,262.7777778,143.7430556,1.076388889,0.833333333,-0.069444444,0,0.138841494,0.166963789,-1.845342707,0.714285714,115
24.9375,281.125,145,1.1875,1.125,21.5,235.1875,109.9375,1.5,1.0625,0,0,0.083085746,0.158978798,-3.11825886,-3.110925771,116
22.0625,281.0625,120.75,1.5,1.5,24.8125,244.9375,118.6875,0.9375,1.25,0.125,1,0.153681737,0.169017749,0.641821946,-2.900691389,117
17.29861111,203.5486111,105,1.104166667,0.770833333,21.84722222,206.1458333,132.5555556,1.506944444,0.722222222,0.055555556,0,0.102332028,0.091171133,-0.583700441,1.464435146,118
21.1875,212.5833333,99.84027778,0.708333333,0.548611111,19.63888889,265.3888889,97.41666667,1.5,0.631944444,0.180555556,0,0.17447159,0.099968036,2.73381295,-2.713714078,119
23.20138889,245.1527778,119.3333333,0.916666667,0.784722222,26.56944444,295.5763889,111.25,0.972222222,1.236111111,0.069444444,0,0.067971642,0.1123125,-0.684563758,0.533880903,120
18.5,231.9375,119.125,1.75,0.875,18.5,263.625,100.25,1.4375,0.9375,0.125,1,0.157608696,0.107978351,-0.668449198,-0.856950067,121
22.1875,239.1875,119.375,1.375,0.9375,23.25,223.75,133.875,1.5,1.3125,0,0,0.166978738,0.169722553,-2.795138889,-0.222634508,122
20.625,229.9375,117.875,1.5,0.75,16.875,202.6875,127.6875,1.8125,0.5625,0,0,0.099833013,0.209456103,-1.445205479,-0.618811881,123
22.25,269.5,128.1875,1,1.0625,22.6875,245.0625,101.625,1.375,0.625,0,0,0.155185472,0.108051312,2.992957746,-1.135734072,124
15.75,223.3125,87.5,1.8125,1.125,24.5625,254.75,106.1875,1.5,0.875,0.125,1,0.062073354,0.223545275,0.721393035,-1.33436373,125
24.375,226.5625,132.375,1.625,0.75,19.75,285.0625,79.75,1.875,1,0,1,0.164882553,0.150429239,1.062355658,0.237933379,126
21.6875,225.9375,129.25,1.6875,1.0625,25.8125,277.75,102.625,1.25,0.8125,0,1,0.170290103,0.147177627,-3.005983809,2.748054475,127
23.9375,273.75,99.4375,1.4375,1.0625,24.0625,273.125,117.3125,1.25,1.4375,0,0,0.11437274,0.142517568,-2.40501977,1.903787103,128
29.625,311.3125,99.375,0.9375,0.625,21.9375,256.5625,125.1875,1.0625,1.25,0.125,1,0.166485031,0.128303551,-1.045494313,3.210526316,129
21.55555556,198.8888889,137.1111111,1.611111111,1.166666667,24.94444444,246,107.8333333,1.555555556,0.833333333,0.111111111,1,0.111396014,0.064013056,1,-2.063597218,130
21.61111111,245.3333333,92.88888889,1.833333333,0.611111111,20.22222222,216.3333333,97.5,1.444444444,0.944444444,0,1,0.186913322,0.087578396,-1.700632467,-2.519379845,131
20.88888889,248.2777778,119.8333333,1.333333333,1.333333333,22.61111111,251.0555556,120.0555556,0.833333333,0.944444444,0.111111111,1,0.180218605,0.188806349,0.709876543,-0.03742515,132
30.72222222,298.0555556,120.5,1.055555556,0.666666667,19,272.3888889,98.83333333,1.222222222,1.666666667,0.222222222,1,0.215569101,0.189534382,-1.949668142,-0.515320334,133
27.16666667,258.6111111,115.5555556,1.444444444,0.722222222,20.77777778,246.2777778,131.1111111,1.555555556,1.166666667,0.222222222,1,0.151615904,0.211432406,-2.937853107,-2.824889868,134
16.5,213.2222222,97.05555556,1.388888889,0.833333333,16.55555556,157.3888889,132.1111111,1.611111111,0.833333333,-0.111111111,1,0.125689013,0.072073566,-0.086705202,-2.378640777,135
17.66666667,241.1111111,96.33333333,1.388888889,1.555555556,22.27777778,260.9444444,122.9444444,2,0.888888889,0.111111111,0,0.073755085,0.135410641,1.938110749,2.628440367,136
22.88888889,229.0555556,138.8333333,0.944444444,0.722222222,25.11111111,264.6111111,125.0555556,1.444444444,1.111111111,0.111111111,0,0.153938857,0.173127927,-3.525641026,5.593575419,137
24.77777778,233.2222222,127,0.944444444,0.611111111,17.83333333,264.4444444,84.11111111,2,1.277777778,-0.111111111,1,0.185691744,0.191440813,0.519047619,0.353200883,138
17.5,236.6666667,110.1111111,1.666666667,0.777777778,20.38888889,233.5555556,121.1111111,1.277777778,0.888888889,0,0,0.197126562,0.058568702,-0.254237288,0.913043478,139
21.33333333,246.6666667,123.1666667,0.833333333,1.055555556,21.22222222,257,85.83333333,1.222222222,0.944444444,0.111111111,1,0.089542568,0.212381179,-2.33281493,0.752688172,140
25.83333333,219.8888889,123.7222222,1.166666667,0.833333333,22.38888889,294.6666667,107.3333333,1.555555556,1.555555556,0,1,0.165036698,0.039439608,4.80141218,2.213740458,141
23.38888889,267.5555556,104.6111111,1,1,23.94444444,259.1666667,146.5555556,1.666666667,1.388888889,0.111111111,0,0.104406987,0.066789658,0.652173913,3.480040942,142
26.5,287,119.9444444,0.944444444,1.277777778,18.94444444,259.5,113.7777778,1.166666667,1.166666667,0.111111111,1,0.201121117,0.154728851,0.537435137,7.263779528,143
25.65,296.65,101.8,1.35,1.45,28.7,265.7,118.15,1.35,1,0,0,0.252570448,0.244743167,1.369863014,-0.54850408,144
21.8,277.25,110.25,1.5,0.75,19.95,230.7,106.85,1.4,1.15,0,1,0.229593141,0.161652619,-0.339747444,-0.635135135,145
20.05,261.75,86.75,2.2,1.15,21.6,216,113.7,1.55,0.75,0.1,1,0.227214753,0.202189958,1.629392971,-0.388265746,146
17.8,244.05,116.9,1.4,0.75,21.85,238.2,120.8,1.65,1.1,-0.1,0,0.186634286,0.197022374,-0.535714286,-1.082474227,147
23.55,263.3,105.4,1.15,0.85,18.85,248.85,111.95,1.1,1.2,0.1,1,0.177904696,0.157439474,-0.576323988,-1.444099379,148
24.05,246.75,109.5,1.5,1.25,22.7,219.55,121.25,1.3,1.4,0,1,0.071804356,0.164128009,5.54427524,-0.377073906,149
21.45,205.75,122.7,1,0.9,17,228,90.85,1.75,0.6,0.2,1,0.258794672,0.224393137,0.25,-0.039215686,150
25.3,271.95,110.65,1.05,0.8,20.65,231.3,114.25,1.15,0.95,0,1,0.176130444,0.10851684,0.335276968,1.594202899,151
14.55,171.8,105.7,1.5,1.15,22.65,226.7,134.65,0.8,0.8,0.1,0,0.148640927,0.11802792,0.787037037,13.04166667,152
20.85,218.35,119.55,1.35,0.75,26.25,271.5,137.15,0.95,0.95,0.1,0,0.204086831,0.12234652,3.578553616,0.518987342,153
22.1,255.9,129,1.4,1.45,26.1,244.15,124.2,1.4,0.9,0.1,1,0.152750026,0.169672674,0.415293342,0.414227825,154
18.65,233.4,106.2,1.75,0.95,18.45,247.95,92,1.45,1.3,0.1,0,0.203060219,0.091773926,-0.992647059,0.193661972,155
24.15,281.1,108.25,1.65,1.2,23.2,194.95,139.6,1,0.9,0,0,0.052577337,0.198278194,-1.693121693,3.95631068,156
22,284.95,136.65,1.15,1.6,25.3,282.9,110.95,0.9,1.05,0,0,0.167158724,0.188289931,-0.763427882,-2.054886212,157
16.15,198.75,110.7,0.9,0.8,23.6,264.65,123.05,1,1.1,0,0,0.10613323,0.13573127,-1.300160514,6.984884646,158
27.05,297.45,120.25,1,1.25,22.8,275.65,102.35,1.2,0.7,0.1,1,0.167593593,0.133871009,6.038961039,-0.588404133,159
19.81818182,235.0454545,104,1.090909091,1.090909091,22.22727273,260.6363636,130.1363636,1.272727273,1.363636364,0.090909091,1,0.127363187,0.074997978,0.619266055,-1.054131054,160
21.5,236.4090909,123.0454545,1.136363636,1.136363636,23.04545455,247.7727273,106.2272727,1.136363636,1.181818182,0.090909091,0,0.132325949,0.128823984,0.513866232,0.968309859,161
22.90909091,245.6363636,119.5454545,1.409090909,1.136363636,24.68181818,273.1818182,137.5,1.272727273,1.136363636,0,0,0.196099259,0.230532682,6.397379913,1.548165138,162
20.36363636,256.7272727,101.1818182,1.363636364,0.727272727,20.31818182,216.0454545,102.3636364,0.681818182,0.863636364,0,1,0.195042189,0.098705292,-3.05509459,4.092261905,163
29.90909091,290,130.5,0.772727273,0.681818182,16.95454545,258.4090909,100.6818182,1.090909091,1.181818182,0.090909091,1,0.135877394,0.163360658,5.761363636,3.604651163,164
25.13636364,233.3636364,127.7727273,1.272727273,1.090909091,17.5,240.8636364,110,1.227272727,1.409090909,0,0,0.1715818,0.112585261,-1.956340956,-1.507592191,165
19.27272727,235.2272727,100.2272727,1.5,1.409090909,21.72727273,229.5909091,109.1363636,1.863636364,0.863636364,0.090909091,0,0.157455109,0.098162418,-1.502824859,-1.18882054,166
22.09090909,240.5909091,122.7272727,1.363636364,1.045454545,21.18181818,248.2727273,123.3181818,1.227272727,1.045454545,0.090909091,1,0.018714678,0.093112356,3.823529412,-0.474741327,167
23.63636364,247.1363636,117.5909091,1,0.772727273,19.90909091,229.6363636,105.1363636,1,1.136363636,0.090909091,1,0.098510246,0.100314669,-1.963048499,0.765027322,168
21.54545455,225.1818182,128.2272727,1.181818182,0.681818182,23.45454545,223.0454545,129.6818182,1.5,0.636363636,0,0,0.168550881,0.153525343,8.475274725,0.094850949,169
15.77272727,217.3181818,94.13636364,1.772727273,0.909090909,22.18181818,217.8181818,118.7727273,1.545454545,0.636363636,0,0,0.11511719,0.225447317,-0.355731225,1.224899598,170
24.18181818,209.1363636,143.8636364,1.272727273,0.681818182,13.68181818,235.5454545,90.13636364,2.136363636,0.954545455,0,1,0.12695676,0.159882642,0.102899906,4.783333333,171
21.77272727,304.1363636,93.90909091,1.227272727,1.454545455,29.95454545,295.8181818,113.8181818,1.227272727,0.863636364,0,0,0.076396392,0.190009555,-1.389069616,5.824847251,172
19.90909091,238.9545455,104.8181818,1.636363636,1.363636364,23.90909091,274.4090909,120.9545455,1.181818182,0.909090909,0.181818182,1,0.165222849,0.141467761,2.013157895,4.625806452,173
27.63636364,277.8636364,126.3636364,1,1.181818182,25.81818182,278.1363636,110.6818182,1.545454545,0.863636364,0.090909091,1,0.14101194,0.145388543,-2.453781513,5.191158901,174
18.77272727,182.7727273,125.3181818,1.181818182,0.909090909,20.40909091,245.1363636,109.5,1.363636364,1.227272727,0.090909091,0,0.015012461,0.107488189,19.18666667,3.06,175
21.16666667,229.4166667,131.5416667,1.041666667,0.666666667,15.41666667,201.3333333,95.29166667,1.041666667,0.708333333,0.083333333,1,0.142828993,0.071829508,0.511945392,1.744680851,176
18.95833333,216.0416667,99.375,0.916666667,1.25,23.33333333,229.1666667,124.4583333,1.291666667,0.5,0.083333333,0,0.149443797,0.143793593,-1.350245499,-0.804816223,177
27.25,247.4166667,129.5,1.291666667,0.541666667,15.25,214.25,93.875,1.583333333,1,0,1,0.256060523,0.094812737,-1.25483871,-3.268581081,178
23.25,223.8333333,115.375,1.458333333,1.166666667,17.625,204.125,116.7916667,1.416666667,1.208333333,0,1,0.14459644,0.14294517,-0.147368421,-0.49689441,179
18.70833333,288.5833333,94.79166667,1.25,1.5,25.75,275.7916667,111.875,1.291666667,0.75,0,0,0.1489,0.250725648,0.355411955,-2.711193242,180
21.58333333,257.6666667,105.7083333,1.333333333,0.708333333,25.91666667,290.5833333,122.875,0.916666667,0.875,0,0,0.185474472,0.14173269,0.589970501,-0.404290429,181
22,232.5,117,1.25,0.833333333,20.45833333,263.4583333,125.125,1.166666667,1.291666667,0,0,0.200205512,0.121365786,-0.01754386,3.497292419,182
20.04166667,208.75,130.625,1.541666667,0.916666667,19,226.4166667,105.625,1.208333333,1.125,0.083333333,1,0.12918431,0.059493527,-4.073869901,-1.88697318,183
27.625,284.9166667,103.3333333,1.458333333,0.833333333,21.79166667,221.375,130.1666667,1.25,1.041666667,0,1,0.058177295,0.064632975,-3.229777257,-2.716615698,184
22.25,264.2916667,113.7916667,1.041666667,1.041666667,24.70833333,252.4166667,123.125,0.958333333,0.916666667,0,0,0.194652673,0.156104884,0.700525394,-1.196682464,185
20.75,222.1666667,129.375,1.5,1,24.29166667,245.0833333,120.3333333,1.416666667,0.916666667,0.166666667,1,0.189208917,0.139323451,-1.134751773,1.164617486,186
16.375,240.1666667,90.33333333,1.875,1.333333333,23.20833333,235.3333333,124.7083333,0.958333333,0.583333333,0.166666667,1,0.149142423,0.213679195,10.59099437,-0.06416132,187
24.625,267.7916667,120.7083333,1.291666667,1.375,23.625,224.6666667,126.0833333,0.916666667,1.083333333,0,1,0.090953125,0.20013915,-2.171215881,-1.649408284,188
30.33333333,285.9166667,118.9583333,0.958333333,0.833333333,22.33333333,272.125,122.8333333,1.166666667,1.625,0.083333333,1,0.212244099,0.15642879,-1.258231421,-1.193678547,189
24.91666667,282.3333333,120.9166667,1.458333333,1.083333333,22.125,277.7916667,92.125,1.291666667,1.041666667,0,0,0.199285799,0.121149405,-1.013739946,3.459459459,190
21.33333333,222.1666667,130.9166667,1.416666667,0.958333333,16.08333333,229.2916667,101.0416667,1.625,0.958333333,0,1,0.166712236,0.153488304,5.265306122,-0.494037479,191
21.23076923,235.9230769,111.5384615,1.076923077,0.961538462,17.69230769,206.6923077,107.2307692,1.384615385,1,0.076923077,1,0.067090686,0.184293621,-0.186915888,-0.074404762,192
19.73076923,250.1538462,100.8461538,1.5,1.346153846,26.42307692,273,128.1923077,1.461538462,0.923076923,0,0,0.054671395,0.106608674,0.046153846,-2.28457335,193
16.26923077,219.9230769,99.88461538,1.846153846,0.576923077,23.5,226.5384615,132.1538462,1.192307692,0.884615385,0,0,0.176719578,0.143714907,-2.533081285,-2.242152466,194
20.53846154,246.2692308,104.2692308,1.038461538,1.076923077,22.96153846,229,124.1923077,1.346153846,1,0.076923077,0,0.202862437,0.067978849,-0.066225166,3.151408451,195
23.61538462,275.5769231,99.69230769,1.423076923,0.807692308,22.23076923,269.9230769,110.8846154,1.5,1.346153846,0.076923077,0,0.132430686,0.185254109,-1.056975506,-1.485671192,196
17.34615385,247.5384615,111.1923077,1.192307692,1.653846154,29.65384615,270.6923077,116.0384615,1,0.923076923,0,1,0.052775664,0.20067992,13.4137931,-0.892520427,197
26.34615385,243,140.4230769,1.153846154,0.653846154,20.03846154,239.2692308,115.2692308,1.038461538,1.269230769,0.076923077,0,0.162112786,0.1486247,1.049848943,-1.205837174,198
16.73076923,227.0769231,108.5,1.423076923,0.846153846,24.92307692,246.3076923,119.1153846,0.961538462,0.615384615,0.076923077,1,0.131141727,0.170454933,-1.536585366,-1.437994723,199
21.53846154,230.6923077,113.3846154,1.307692308,1.153846154,19.26923077,244.8846154,104.4615385,1.423076923,1.153846154,0,0,0.066985899,0.180920736,-0.891966759,-2.922465209,200
21.53846154,248.3076923,127.9615385,1.346153846,0.769230769,29.96153846,303.1538462,112,0.884615385,0.653846154,0,0,0.191993956,0.19017149,-2.131696429,1.113105925,201
22.88461538,232.8461538,137.4230769,1.461538462,1.461538462,27.73076923,271.0769231,120.7307692,1.076923077,1.115384615,0.076923077,0,0.179368339,0.191619368,-0.543286219,-0.248344371,202
19.5,214.0384615,127.8076923,1.5,0.961538462,17.92307692,236.4615385,105.5769231,1.153846154,0.769230769,0.076923077,1,0.152062832,0.111043123,-3.847773767,1.498422713,203
21.80769231,236.6923077,129.0769231,1.384615385,1.461538462,23.80769231,229.1153846,110,1.423076923,0.884615385,0.076923077,1,0.145234377,0.142553714,-1.486988848,0.155459147,204
20.88461538,248.6153846,131.7692308,1.346153846,1.038461538,26.84615385,290.9230769,114.6153846,1,0.769230769,0,0,0.218896964,0.17554369,2.45412844,2.820069204,205
20.23076923,251,100.5,1.692307692,1.192307692,23.80769231,225.6538462,123.0769231,1.192307692,0.884615385,0,1,0.211359406,0.179182409,0.570175439,0.913006029,206
19.42307692,197.1538462,111.9615385,0.846153846,0.576923077,17.84615385,262.8076923,92.53846154,1.5,1.115384615,0,1,0.173614435,0.114885785,1.615598886,10.11609907,207
15.96428571,196.2857143,99.92857143,1.25,1.035714286,26.35714286,246.6428571,145.25,1.035714286,0.607142857,0,1,0.20345426,0.144691329,0.633802817,-2.240948814,208
23.35714286,248.75,121.7857143,1.178571429,1.071428571,23.67857143,208.6428571,151.2857143,1.571428571,0.892857143,0,1,0.166775241,0.233686174,-0.178970917,-2.561538462,209
22.53571429,251.1071429,132.8928571,1.321428571,0.892857143,13.71428571,201.9285714,98.32142857,1.25,0.642857143,0,1,0.126019955,0.130692903,-3.709677419,-0.440613027,210
20.42857143,228.7857143,101.1785714,1.178571429,0.892857143,17.32142857,199.0357143,123.3928571,1.607142857,0.857142857,0,1,0.135517341,0.200413556,-0.592592593,0.634441088,211
25.21428571,295.5,99.60714286,0.928571429,0.857142857,20.82142857,264.2142857,122.5357143,1.428571429,1,0.071428571,1,0.281746114,0.157155542,-0.497787611,-1.808855292,212
21.78571429,240.8928571,112.5357143,0.928571429,0.821428571,19.85714286,236.4642857,101.0714286,1.678571429,0.928571429,0.071428571,1,0.193326225,0.148820152,0.040650407,1.501305483,213
21.71428571,220.4285714,130.3214286,1.428571429,0.678571429,15.39285714,215.25,92.92857143,1.642857143,0.892857143,0,1,0.226749754,0.154657677,1.107064822,-2.566747573,214
25.64285714,246.6428571,115.8571429,1.5,1.071428571,23.17857143,264.8571429,99.5,1.464285714,1.107142857,0,0,0.124445351,0.175391239,-0.482117812,0.931802836,215
20.5,230.7142857,126.5,1.035714286,1.107142857,22.71428571,234.8214286,134.3214286,1.178571429,1.321428571,0,0,0.181944425,0.161370012,-2.869850187,-1.922695738,216
26.5,263.3571429,141.0714286,1.142857143,1.035714286,21.96428571,240.2142857,113.9285714,1.464285714,1.142857143,0.071428571,1,0.219704348,0.171965283,-0.374493927,-1.93597561,217
23.5,265.5357143,100.7857143,1.571428571,1,21.21428571,221.1428571,127.3571429,1.428571429,0.928571429,0,0,0.171089878,0.104764885,-0.557939914,0.46692607,218
25.28571429,255.9285714,111.7142857,0.964285714,1.071428571,24.64285714,262.0714286,126.5714286,1.571428571,1.25,0.071428571,1,0.22095419,0.219938138,1.785714286,0.649606299,219
23.53571429,259.1785714,116.6785714,1.392857143,0.892857143,22.78571429,255.6428571,123.9285714,1.357142857,1.392857143,0,0,0.13976517,0.160741009,5.472136223,1.368102797,220
16.75,237.4285714,87.67857143,1.75,1.214285714,21.42857143,217.3928571,115.6428571,1,0.928571429,0.071428571,0,0.196905482,0.200551826,3.229665072,-1.287719298,221
27.60714286,291.4285714,99.21428571,1.214285714,0.857142857,21.85714286,256.0714286,115.75,1.25,1.571428571,0.142857143,1,0.19229844,0.191361935,1.277735272,-0.441672286,222
26.35714286,293.75,111,0.785714286,0.892857143,23.10714286,270.5357143,110.25,1,0.714285714,0.071428571,1,0.129918106,0.15377191,1.864904552,12.36245955,223
21.5,306,54,1.5,2,35.5,272,150,0.5,0.5,0,1,0.126841228,0.118260015,-2.647414837,-2.09212797,0
34,247,139.5,1,1.5,36,262,135,1.5,1.5,1,1,0.15909766,0.110991451,-2.206323563,-3.072666025,1
25,194.5,138.5,1,0.5,16.5,243.5,31.5,1.5,1,1,0,0.200499163,0.140135205,-3.062460667,-3.231615808,2
16,225,54,1.5,1.5,22,281.5,64,2,0,1,1,0.084545361,0.127990575,-3.120595145,-3.826560834,3
15,269,139.5,2.5,2.5,30,223.5,110.5,1.5,2,1,1,0.115210633,0.085447681,-3.617216117,-2.99591002,4
25,311.5,81.5,2.5,1,24,238.5,81,0.5,1,1,1,0.186895184,0.179515526,-3.022450111,-3.142493639,5
15,269,139.5,2.5,2.5,30,223.5,110.5,1.5,2,1,1,0.179437556,0.140026857,-2.943274457,-3.482696703,6
13.5,258,46,1.5,1,20,222.5,136.5,0,0.5,0,1,0.125030949,0.150355859,-2.423167849,-2.966348151,7
16.5,239.5,94.5,3,1.5,28,268,103,0.5,0,1,0,0.12756616,0.142846243,-2.902033272,-3.730249928,8
22,284.5,88,2.5,1.5,33.5,301.5,118.5,0.5,0.5,1,1,0.233231818,0.180419858,-2.76895143,-2.671092952,9
27.5,268.5,54.5,1.5,1,33.5,337.5,118,1.5,1.5,0,1,0.135188396,0.151214905,-2.942729488,-2.213485823,10
16.5,183,98.5,1.5,0.5,22,261,93,1,1,0,1,0.14999,0.13368135,-3.323434125,-1.931488801,11
28,233.5,97,0,0,13.5,284.5,32.5,2.5,0.5,1,1,0.217426471,0.118375692,-3.309455587,-2.860811505,12
23.5,220,135,1,2,39.5,259.5,106,1.5,0.5,1,1,0.135577293,0.110639267,-3.55070311,-2.328166588,13
26.5,204.5,131.5,1.5,0,24.5,329,64,0.5,2,1,1,0.150340916,0.155239669,-1.544273194,-2.509444929,14
29.5,272,79.5,1,0.5,27.5,255.5,123,1,1,1,1,0.12153398,0.151837491,-0.188811189,-1.333333333,15
25.75,276.5,112.75,1,1.25,25.25,296.5,117.25,0.75,1.25,0.5,0,0.174872086,0.103182197,-1.275402943,-2.458117272,16
27,251.75,124.25,2,1.5,28.5,252,156.5,1.25,2,0,0,0.156968187,0.19834694,-1.002186589,-1.468401487,17
33.5,285.25,120,1,1,29,283,168.5,2,0.75,0,0,0.138919978,0.138346942,-0.712328767,0.449438202,18
34.75,294.25,145.25,1.25,0.25,27.5,297,98,1.5,1.25,0.5,0,0.082307068,0.146606623,-1.526293288,-0.42218543,19
18.25,217.5,70.75,1.25,0.5,29.5,276.25,118.75,0.75,1.25,0,1,0.158825788,0.150939299,-0.612244898,-1.257292882,20
25,222.25,150,1,1.5,25.25,260.75,78.5,1,0.5,0,0,0.136398303,0.057406547,0.90625,-0.987401113,21
24.25,249.5,121.5,1,0.75,22.75,228.5,96.75,1.5,0.25,0,0,0.240932168,0.158720898,0.03560529,-1.444933921,22
26.5,255,116.75,0,2.25,24.5,265.75,99.25,2.25,1.25,0,1,0.125766667,0.164437608,0.439397398,0.651530109,23
21.75,262,86.25,1,0.5,25.75,230.25,132.75,1.5,0,0,1,0.134753255,0.192853217,-0.219298246,-1.504153913,24
20.5,342.75,74,1.75,1.75,23.5,186.25,118.25,0.5,0.5,0.5,1,0.11160407,0.150380608,-3.593817089,-0.097037794,25
26.25,253.5,112.5,1.25,1.5,22.75,247.25,58.5,1.5,0.25,0,0,0.102584859,0.103050993,0.024213075,-1.753875969,26
19.75,176.25,88.75,1.75,1.5,18.75,289.25,121,1.75,2,0,1,0.178357645,0.150575984,0.809759547,0.235342692,27
17,265.25,63,1.75,0.25,25.75,237.75,109,0.25,0.25,0,1,0.140057663,0.155188511,0.860676426,-0.163990434,28
17.25,197.25,88.25,1.5,1.5,25.75,231.25,110.25,0.75,0.25,0,0,0.175544687,0.165625,-2.637644046,2.601809955,29
25,243.25,88.75,1.25,0.5,22.25,286,127.5,1,1,0,1,0.124166497,0.140747661,1.995696611,1.392610637,30
20.75,160.25,144.25,0.75,1.25,18,253.75,60.75,2.25,1,0.5,1,0.156409615,0.155780756,5.628019324,1.857772878,31
28.83333333,297.6666667,120.3333333,1.166666667,1.166666667,20.66666667,267.3333333,99.5,1.666666667,1.5,0,1,0.166387054,0.112421196,-1.082276048,0.501367366,32
16.5,224.8333333,77.16666667,2.166666667,0.833333333,22.5,196.3333333,131,0.333333333,1,0.333333333,1,0.181428098,0.184248959,-0.978165939,1.390151515,33
25.16666667,229.1666667,129.5,1.166666667,0.833333333,26.83333333,281.8333333,105,1.333333333,0.833333333,0,0,0.202212628,0.139580226,3.751461988,-1.422673865,34
28.83333333,258,114.6666667,0.666666667,0.5,16.66666667,252.6666667,112.5,1.5,2,0.333333333,1,0.122219275,0.199863111,-0.671641791,4.769520226,35
24.33333333,240.1666667,95.66666667,1.333333333,0.833333333,24.16666667,217.8333333,144.8333333,1.166666667,0.833333333,0,0,0.093844649,0.127220314,2.380430814,-2.091932458,36
19.83333333,258.8333333,129.5,1.666666667,1,27,234.1666667,110.6666667,1.166666667,0.666666667,0.333333333,0,0.15617964,0.12361624,0.595647194,-0.765060241,37
33.5,286.8333333,150.3333333,1,0.333333333,18.16666667,241.5,52.83333333,1.333333333,0.833333333,0.333333333,1,0.172243365,0.212394791,0.379464286,1.634746922,38
24.33333333,287.1666667,98.66666667,1,0.833333333,27.33333333,252.5,108,2,0,0.333333333,0,0.123107862,0.168650865,0.140296181,3.06766055,39
25.66666667,227.1666667,136.1666667,1.833333333,0,25.83333333,286.3333333,127.5,0.833333333,0.666666667,0,0,0.187797184,0.17171836,1.016109046,1.09403255,40
27.5,273.1666667,103.3333333,1.166666667,0.5,23,272.1666667,80.16666667,1.333333333,0.666666667,0,1,0.139141146,0.162035758,-0.420054201,1.022825151,41
22.16666667,253.6666667,73.83333333,1,0.666666667,17.5,216.8333333,140.3333333,1.5,1,0,1,0.175462304,0.074561344,-0.818624467,-1.097883598,42
26.83333333,256.8333333,93.33333333,1.5,1.166666667,27.66666667,307.1666667,112.1666667,1.833333333,1.166666667,0,0,0.138972159,0.087231168,-0.328125,-0.695384615,43
26.5,265.5,146.6666667,1.833333333,0.5,22.83333333,228.5,114.1666667,0.5,1.5,0,1,0.065937242,0.097746085,0.98204716,0.630990415,44
18.66666667,290.5,112.3333333,1.833333333,2,26.66666667,264.5,101.6666667,1,1.333333333,0.333333333,1,0.14314766,0.109906127,0.289169295,5.417810906,45
16.16666667,258,76.33333333,1.666666667,1.5,21.33333333,186,108.3333333,0.666666667,1.166666667,0.333333333,0,0.148110386,0.126019603,6.859541985,-0.104909778,46
17.5,250,95.75,1.5,1,22.75,225.625,101.625,1,1.375,0.25,1,0.206776322,0.204103613,-1.286644951,2.88573508,47
23.20833333,260.7916667,78.25,1.333333333,0.916666667,20.75,243.25,123.375,1.458333333,0.916666667,0.166666667,1,0.112090778,0.170150537,1.649593783,-0.396371769,48
26.125,315.375,103.375,1,1.25,19.625,259.5,97.25,1.25,1.625,0,1,0.127109119,0.094398703,-2.204857842,0.675227838,49
21.375,288.125,133.5,2,1.375,32.125,278.125,115.875,0.875,0.625,0.25,0,0.102816475,0.187323551,-0.342886387,0.767909715,50
25.25,306.625,83.375,1.375,1.125,24.75,263,141.625,1.5,0.875,0.25,0,0.110064032,0.121659522,0.43768546,-0.502824859,51
20.29166667,255.125,101.6666667,0.458333333,1.166666667,24.45833333,258.5416667,107.7916667,1.416666667,0.541666667,0.083333333,1,0.11761112,0.18213862,4.777777778,-2.779395297,52
24.875,244.625,158.625,1.75,1,30.875,313.875,93.375,0.875,0.875,0.25,0,0.157002239,0.120048532,1.229449607,0.612068966,53
17.25,246.375,92.375,2,1,22.375,214.75,142.75,0.5,0.875,0,0,0.204476733,0.141112211,-2.012518055,-3.589211618,54
16.25,222.5,87.625,1.625,1.5,25.625,242.375,125.625,0.625,1,0,0,0.117567857,0.165466084,-0.839340886,-0.375053579,55
30.125,249.5,129.625,1.25,0.125,19.125,253,77,1.375,0.625,0,1,0.223892622,0.127758099,-0.689410092,-1.329896907,56
29.375,241,152.25,2.125,0.625,22.5,221.75,118.75,1.625,1.25,0.25,1,0.150605018,0.169151684,1,-2.672903441,57
27.125,272.875,115.75,1,0.375,25.75,288.25,97.125,1.375,1.125,0.5,1,0.156883791,0.134375317,0.033288948,0.892504931,58
22.625,293.375,80,1.25,1.25,28.75,254.625,143.375,1.75,0.75,0,1,0.133307692,0.134095445,-0.269503546,1.429587482,59
17.125,205,88,1.75,1.125,29.375,220.25,154.875,0.75,0.625,0,0,0.037964497,0.15107817,1.373979718,6.026970954,60
19.925,221.975,80.325,1.45,0.625,29.725,283.5,111.85,1.4,0.425,0.1,1,0.128061573,0.183275153,-1.264044944,-2.030544489,61
24.75,210.05,106,1,0.8,20.775,295.575,127.275,2.05,1.65,0.1,1,0.134832464,0.111801669,1.499442586,1.598901099,62
19.7,246.2,126.4,0.9,1.4,19.9,252.7,78,1.3,1.2,0.2,1,0.134825404,0.172130747,0.043969849,5.833333333,63
30.425,294.825,111.65,0.925,0.3,17.675,244.025,101.775,1.45,1.15,0.1,1,0.169313034,0.163805133,-0.195852535,1.054701466,64
22.9,256.9,98,1.5,1,26.4,287.6,123.2,1.2,1.3,0,1,0.123232962,0.132071128,-1.178832117,-1.514324693,65
24,242.225,112.8,1.025,0.525,17.025,291.725,93.075,1.9,1.6,-0.1,1,0.137012492,0.113409767,-2.224585283,-1.553810505,66
23.55,226.2,109.375,1.4,0.85,24.575,252.8,134.95,0.775,1.125,0.15,1,0.097393907,0.207906376,-2.514551804,-2.724690083,67
22.25,246.225,117.475,2.05,0.6,22.4,279.35,94.025,0.95,1.1,0.1,0,0.191930986,0.17805513,-1.601889339,3.169067475,68
19.9,229.6,111.2,1.3,1.2,23.5,250.3,116,1.7,0.4,0,1,0.196679436,0.190014378,1.754201681,-0.169753086,69
27,264.4,117.6,2,0.7,19.6,231.5,123.6,1.4,1.3,-0.2,0,0.15496775,0.195870006,34.67697277,-0.5994257,70
26,246.4,153.8,1.3,0.9,22,255.2,100.8,1.3,0.9,0.2,0,0.151011793,0.120649093,2.163978495,5.198720108,71
21.9,251.3,120.6,1.5,0.5,26.7,277.6,110.5,1.2,0.8,0.2,1,0.126653697,0.169439933,0.760183592,1.022258862,72
26,243.7,128.6,0.4,0.7,18.5,237.4,91.3,1.5,1.1,0.2,0,0.146442937,0.115456375,-1.026967701,-0.027735754,73
23.8,243,111.8,1.4,0.7,23.7,286.6,87.6,1.7,0.9,0.2,0,0.145826801,0.132380386,-0.409292035,-0.656903766,74
20.41666667,235.3333333,123.4166667,1.666666667,0.75,17,189.1666667,111.8333333,1.166666667,0.833333333,0,1,0.128787603,0.165603871,-2.113821138,2.293934681,75
20.41666667,239.0833333,108,0.916666667,1.083333333,22.08333333,253.5,100.5833333,0.666666667,1,0,0,0.178296635,0.15327137,-2.169365722,-0.078600406,76
28.41666667,250.25,138.5833333,1,1.083333333,25.5,264,121.8333333,1.666666667,1,0.166666667,0,0.261303481,0.210077648,1.704730832,6.983082707,77
27.4,261.2,137.3,1.4,0.8,24.2,331.9,75.1,1,1.4,0,0,0.1889204,0.09574861,-2.015437393,3.789355322,78
24.25,254.0833333,135.3333333,1,1,23,258.8333333,100,1.083333333,0.916666667,0.166666667,1,0.113198428,0.097209379,-2.906471981,4.463601533,79
23.58333333,302.05,108.7666667,1.083333333,1.533333333,25.66666667,233.8833333,121.0833333,1.15,1.033333333,-0.1,1,0.207790339,0.205138095,-1.611804767,3.681948424,80
21.1,218.3,108.8,1.6,0.6,21.9,284.3,113.5,1.1,1.4,-0.2,0,0.177807626,0.170977771,4.524576954,-2.496264475,81
29.25,318.5,106.9166667,1.083333333,1.083333333,24.33333333,258.8333333,136.0833333,1.166666667,1.25,0,1,0.133660897,0.138552641,-0.909015852,-1.648406375,82
20.25,237.0833333,120,1.333333333,0.833333333,18.91666667,232.1666667,89.58333333,1.5,0.666666667,0.166666667,1,0.118886452,0.146452363,-1.854893908,-2.97947197,83
22.5,274.8,120.7,1.2,0.6,21.3,222.1,105.1,1.3,0.6,0.2,1,0.19081998,0.148652002,-2.294065545,4.795792079,84
27.41666667,261.9166667,151.4166667,1,0.833333333,22.5,244.25,96.91666667,1.833333333,1,0.333333333,1,0.159936306,0.10002414,0.253308991,1.020686963,85
23.91666667,256.4166667,97.16666667,1.55,0.95,25.18333333,274.7,95.81666667,1.633333333,0.366666667,0.066666667,0,0.108854403,0.115104468,2.915851272,3.756708408,86
28.6,243.3,110,0.9,0.9,19.7,291,82.8,1,1.8,0,1,0.146591543,0.211331822,3.716404078,-0.357308585,87
23.26190476,271.2380952,104.1428571,1.071428571,1.178571429,21.69047619,248.5238095,101.0595238,1.369047619,0.702380952,0.095238095,0,0.129935335,0.140887791,-0.930359086,-1.271551724,88
25.95238095,317.297619,87.72619048,1.321428571,0.964285714,25.35714286,219.7857143,135.1071429,1.595238095,0.607142857,0.095238095,1,0.140970468,0.114288852,-2.381256384,0.991827637,89
25.5,244.25,125.9166667,0.416666667,1,15.33333333,245.0833333,92.33333333,2.083333333,1.666666667,0.166666667,1,0.160321358,0.128820603,-2.805023923,-1.728003384,90
18,256.1666667,132.9166667,2,1.5,24.66666667,264,95.5,0.916666667,1.083333333,0,0,0.10843497,0.167478755,5.615567911,4.584332534,91
18.6547619,274.0952381,92.16666667,1.607142857,0.928571429,20.78571429,202.3571429,120.2738095,1.166666667,0.666666667,0.095238095,1,0.124207466,0.139257853,-1.87906047,-1.31130064,92
26.80952381,277.6190476,120.452381,1.095238095,0.619047619,18.4047619,210.8333333,100.4285714,1.035714286,0.892857143,0.071428571,1,0.10462437,0.066343702,0.476558475,-2.125710676,93
21.91666667,267.0238095,75.07142857,1.714285714,1.297619048,25.19047619,268.9761905,117.4404762,1.571428571,1.464285714,0.071428571,1,0.104778832,0.044701751,-2.618261826,3.319277108,94
20.92857143,264,96.07142857,1.785714286,0.928571429,25.57142857,273.1428571,124.0714286,0.642857143,0.785714286,-0.142857143,0,0.148261982,0.182799044,0.864123957,-0.897046047,95
23.80952381,236.1309524,114.9761905,1.130952381,0.595238095,26.75,283.6428571,115.6071429,0.857142857,0.94047619,0.238095238,0,0.19683662,0.237445536,-1.678431373,-0.904522613,96
21.10714286,257.5714286,94.29761905,1.773809524,1.083333333,22.14285714,232.3809524,133.3571429,1.25,1,-0.071428571,0,0.083177189,0.111757009,-0.717990276,5.068493151,97
22.91666667,245.4166667,133.0833333,1.583333333,1.166666667,24.66666667,264.4166667,100.9166667,1.583333333,0.666666667,0,0,0.116628905,0.18478251,2.060782681,0.308237861,98
19.20238095,280.1785714,111.797619,1.535714286,1.607142857,25.72619048,252.2619048,110.6428571,0.857142857,0.666666667,0.238095238,0,0.110487826,0.128077596,2.929876912,14.31079717,99
29.33333333,310.1666667,127.3333333,1.5,0.583333333,26.16666667,293.0833333,95.66666667,1.166666667,1.083333333,0,1,0.158877373,0.148087867,4.137764933,-1.974413646,100
16,207.7857143,94.07142857,1.428571429,0.785714286,20.21428571,213.2142857,148.7142857,1.285714286,0.928571429,0,0,0.171514461,0.189063723,-0.8123471,5.222101842,101
25.92857143,235.4285714,114.9285714,1.5,1,18.85714286,241.8571429,117.5,2.142857143,1.428571429,0.142857143,1,0.09435602,0.04180565,-3.38884866,-3.325471698,102
22.71428571,252.6428571,101.2857143,1.428571429,1.214285714,27.92857143,278.7857143,118.2142857,1.571428571,0.5,0.142857143,0,0.128259493,0.142083286,0.716934487,-1.758039009,103
31.64285714,250.3571429,158.8571429,1.142857143,0.785714286,21.35714286,212,116.6428571,1.357142857,1.357142857,-0.142857143,1,0.175721084,0.182646798,4.52403393,1.441605839,104
21.875,243.3125,105,0.9375,0.75,18.5625,250.1875,91.4375,1.125,1,0.125,1,0.183588807,0.179553803,-0.818438382,-4.335051546,105
18.71428571,290.8571429,94.57142857,1.428571429,1.142857143,22.92857143,226.8571429,126.6428571,1.142857143,0.571428571,-0.142857143,1,0.219092268,0.108241531,2.310838446,-2.158317873,106
21.125,254.3571429,114.3660714,1.464285714,1.125,24.05357143,269.5446429,117.8839286,0.982142857,1.053571429,0.071428571,0,0.17871976,0.172233428,-0.22517321,-1.342105263,107
17.26785714,254.0178571,84.55357143,1.758928571,1.517857143,29.27678571,255.0446429,131.625,0.651785714,0.946428571,0.071428571,0,0.178520225,0.219554318,-0.844155844,-0.124129579,108
19.78571429,208.0714286,99.57142857,1.5,0.428571429,24.92857143,291.2857143,116.4285714,1.285714286,0.785714286,0,0,0.124817288,0.218628593,0.318681319,-0.428342674,109
25.24107143,243.6339286,140.3392857,1.303571429,0.741071429,23.33035714,287.5982143,103.2767857,1.5,1.196428571,0.196428571,0,0.146899,0.177297791,-1.673899566,-1.166774402,110
20.85714286,297.7142857,85.14285714,1.5,1.071428571,26.5,257.2857143,106.0714286,1.214285714,0.714285714,0.142857143,0,0.160882503,0.154371233,0.405960946,7.032755299,111
19.1875,213.3125,119.75,1.25,0.75,19.875,230.1875,109.0625,1.4375,0.875,0.25,1,0.133452423,0.146884527,-1.343930636,4.32486631,112
24.91071429,240.2767857,103.0982143,1.017857143,0.714285714,21.99107143,288.6160714,105.1428571,1.580357143,1.214285714,-0.071428571,0,0.18302813,0.130240476,-3.906568428,1.996587031,113
25.92857143,244.7142857,99.85714286,0.785714286,0.642857143,19.07142857,271.0714286,111.2142857,1.714285714,1.642857143,0,1,0.1424112,0.136735456,-1.213511259,0.43508937,114
24.64285714,284.5714286,91.5,1,1.071428571,24,288.7142857,143.9285714,2,0.785714286,0.142857143,1,0.148929693,0.114954778,1.730091614,-1.458099514,115
19.25,211.625,107.375,1.1875,0.4375,23.625,280.4375,121.625,1.1875,0.75,0.125,0,0.12054688,0.278441354,-2.463842975,3.958041958,116
20.25,242.5,110.1875,1.5625,1,25.9375,273.5625,112.9375,1.0625,0.75,0,0,0.23463136,0.220471402,-0.265598651,-1.353658537,117
26.75,254.3125,116.1875,1,0.6875,21.6875,276.4375,108.375,1.5625,1.0625,0,1,0.203198152,0.123128809,-2.335362479,-1.266634981,118
31.875,282.8125,159.5625,1.1875,0.5625,21.875,251.25,114.6875,1.75,1.1875,0,1,0.194743224,0.217873908,5.29645315,-2.08687441,119
22.5625,281.4375,104.25,1.1875,1.125,28.0625,303.1875,137.5,1.125,0.625,0,1,0.145959333,0.14526227,-2.136125654,-0.189977974,120
23.9375,252.0625,107.5,1.6875,0.8125,23.125,281.9375,91.5625,1.625,1.4375,0,1,0.16478493,0.193896485,-2.181745396,4.168539326,121
27.73611111,259.6458333,126.7152778,1.131944444,0.708333333,19.42361111,279.5972222,91.32638889,1.819444444,0.888888889,0.180555556,0,0.075747155,0.146127907,-1.398258977,-0.241477273,122
22.09027778,280.0763889,106.9375,1.506944444,1.631944444,27.73611111,265.0625,113.2222222,1.076388889,0.8125,0.055555556,1,0.197981175,0.132295908,-2.102702703,-3.025089606,123
23.08333333,214.7083333,125.8472222,1.229166667,0.756944444,22.94444444,279.4791667,110.4791667,1.284722222,0.659722222,-0.180555556,1,0.166794123,0.143226183,-2.161290323,-0.415936953,124
21.94444444,199.0694444,140.1319444,1,0.881944444,19.05555556,221.7777778,106.0972222,1.534722222,0.944444444,0.180555556,1,0.202699868,0.057420242,0.820158103,5.187358062,125
19.625,240.3125,118.8125,1.6875,0.75,20.8125,274.75,98.75,1.5625,1.25,-0.125,0,0.121151275,0.114102224,-1.214681806,-1.128299437,127
23.3125,221.625,105.1875,0.9375,1.0625,22.3125,247.6875,113,1.5625,1.375,0.125,0,0.246780906,0.139595405,3.042533375,-0.823849579,128
26.9375,254.5625,115.4375,1.1875,0.625,18.5625,202.125,119.25,1.8125,1.125,0.125,1,0.132927486,0.100425418,1.470383275,9.955985915,129
22.05555556,259.2777778,118.6666667,1.5,1.055555556,25.44444444,247.0555556,134.5555556,1.333333333,0.833333333,0.111111111,1,0.141972135,0.093402346,1.920583468,-0.86858006,130
21.61111111,226.1111111,128.5555556,1.388888889,0.833333333,21.38888889,229.4444444,110.5,1.166666667,0.944444444,0,0,0.193113602,0.018002816,-2.665310275,-1.809399963,131
22.38888889,293.7777778,98.55555556,1.166666667,1,25.61111111,247.8333333,107.9444444,1,0.555555556,0.222222222,0,0.185687207,0.156351114,-0.095510984,3.554555681,132
23.33333333,260.5555556,109.3888889,0.777777778,0.888888889,17.66666667,248.5,103,1.388888889,1.055555556,0.111111111,1,0.149274941,0.161905344,-1.868918145,6.072351421,133
24.83333333,234.7777778,138.6111111,1.5,0.666666667,22.44444444,288.3333333,111.2222222,1.555555556,1.111111111,0.111111111,1,0.130962723,0.141705601,4.478098788,-0.585978375,134
20.94444444,234,133.6666667,1.888888889,1.222222222,26.44444444,246.0555556,108.1111111,1.222222222,0.944444444,0.111111111,0,0.165610658,0.155414661,-3.160682755,0.251865672,135
27.55555556,241.4444444,137.1111111,0.777777778,0.666666667,15,208.8333333,82.16666667,1.444444444,1,0,1,0.129383841,0.107667331,-1.412914692,5.193482688,136
20.66666667,287.2777778,94.61111111,1.5,1.388888889,26.44444444,251.7222222,118.8333333,1.055555556,0.611111111,0,0,0.188045616,0.179690618,-0.017809439,-0.184659091,137
22.16666667,279.1111111,108.7777778,1.333333333,1.277777778,20.72222222,229.2777778,97.22222222,1.222222222,0.888888889,0.222222222,1,0.168329757,0.11219398,-0.198379436,3.434099154,138
24.83333333,312.7222222,119.3333333,1.611111111,0.777777778,29.61111111,290.9444444,103.7222222,1.055555556,0.833333333,0.111111111,0,0.149895472,0.118630266,0.356460853,1.380255941,139
27.77777778,269.7222222,133.1666667,0.833333333,0.388888889,21.5,295.2222222,103.1111111,1.777777778,1.055555556,0.111111111,1,0.142738587,0.206196042,-3.101542416,-0.655737705,140
25.66666667,272.2777778,92.55555556,1.722222222,0.777777778,22.11111111,243.1111111,101.9444444,1.555555556,1.222222222,0,1,0.181054331,0.188271574,0.863991081,-1.795343137,141
22.38888889,266.2222222,117.8888889,1.5,0.777777778,23.94444444,221.5,99.72222222,0.888888889,0.666666667,0.111111111,0,0.042726627,0.071180426,0.053850296,10.29595016,142
19.22222222,225.2222222,131.2777778,1.944444444,1.333333333,20.5,210.9444444,111.1666667,1,0.888888889,0,1,0.130065385,0.140581512,0.029533373,-0.810654314,143
20.8,272.2,92.75,1.4,1.05,26.95,242.5,126.05,0.9,0.75,0.2,0,0.14717575,0.200686336,-1.538461538,-1.052848885,144
23.25,300.75,88.85,1.35,1.25,24.05,227.65,135.8,1.4,0.45,0.1,0,0.193587666,0.151637387,3.548152459,-1.155358899,145
21.35,254.7,103.8,2.05,1.1,29.95,254,142.4,1.1,0.55,0,0,0.141125619,0.147455919,-2.263464338,1.912660799,146
23.5,224.45,117.2,1.2,0.85,20.15,219.35,122.85,1.7,1.35,0.1,1,0.156026156,0.206877557,-1.203639714,7.077020202,147
24,241.35,129.7,1.15,0.9,25,315.3,85.5,0.95,1.35,0,0,0.189913983,0.134136477,1.069321534,0.23308958,148
18.95,204.4,91,1.4,0.85,22.55,260.2,116.05,1.4,0.75,0,1,0.120489478,0.145767249,-1.261648746,-0.73521577,149
28.5,262.55,112.7,1.2,0.85,22.25,276.15,99.4,1.65,0.9,0,1,0.145412973,0.184721723,-1.021314387,-0.751633987,150
17.4,219.3,100.75,1.4,1,20.15,234.95,119.6,1.4,0.8,0.1,1,0.108670463,0.154490139,4.460694698,1.443123939,151
18.2,226.75,119.6,1.95,1.35,29.25,261.6,117.25,1.4,0.65,0,0,0.12942881,0.160749095,0.192,-0.104562738,152
23.75,249.6,106.15,1.15,0.8,25.4,257.05,122.6,1.45,0.7,0,1,0.132559157,0.224174359,-0.599400599,2.492537313,153
25.45,272.15,131.85,1.35,1,24.5,235.15,130.3,1.2,0.75,-0.1,1,0.198253479,0.252847797,-2.578616352,0.137587822,154
21.9,254.6,116.25,1.7,1.25,24.4,249.55,93.5,1.3,0.8,0.1,0,0.148943195,0.150271385,-0.879541109,-1.578411405,155
21.05,253.6,94.5,1.2,0.85,25.9,269.7,161.55,1.35,0.6,0.1,0,0.207016487,0.159859722,-0.035816619,-0.883734586,156
20,234.9,98.7,1.15,0.8,18.5,227.15,115.8,1.4,1.15,0.1,0,0.193259623,0.130714795,-2.027421237,0.310457516,157
23.7,265.25,105.45,1.15,1.15,23.95,270.4,106.5,1.45,1.15,0,1,0.14426052,0.175526904,6.941923775,-0.894148586,158
20.25,255.5,120,1.7,1,21.8,238.15,113.1,1.65,0.85,0.1,0,0.130790394,0.197369581,0.596602134,1.559428061,159
27.18181818,312.2727273,122.4090909,1,0.954545455,23.81818182,270.4090909,107.3181818,0.954545455,1,0.090909091,1,0.09969956,0.124163961,1.550218341,-0.393217893,160
16.36363636,217.7727273,104.4545455,1.5,0.909090909,24.09090909,233.1818182,137.3636364,1.045454545,0.818181818,0,1,0.185031587,0.101426313,0.753846154,0.920114123,161
25.04545455,248.0454545,138.1363636,1.272727273,0.954545455,23.04545455,236.8181818,114.3181818,1.318181818,0.772727273,0.181818182,1,0.200305318,0.133891713,-1.803418803,0.209988649,162
20.40909091,240.4545455,97.18181818,1.545454545,0.909090909,30.09090909,268.1818182,136.9545455,0.727272727,0.909090909,0.090909091,0,0.134612953,0.129202143,-1.359561753,3.20083682,163
20.68181818,264.6363636,104.8636364,1.909090909,1.181818182,28.77272727,289.2727273,120.2272727,1.136363636,0.5,0,0,0.154548774,0.164172068,-0.748792271,1.961312439,164
23.72727273,251.7272727,106.2272727,1.227272727,0.590909091,22.40909091,231.5909091,125.5,1.318181818,0.954545455,0.090909091,1,0.173618395,0.149140108,-1.51521217,-2.224255097,165
21,208.6818182,115.2727273,1.136363636,1.045454545,17.90909091,209.9090909,117.5454545,1.590909091,1.272727273,-0.090909091,0,0.139481225,0.125170588,-0.659890777,-1.600790514,166
20.36363636,218.3181818,116.8636364,1.545454545,1.136363636,21.36363636,227.8636364,112.1818182,1.363636364,0.909090909,0,1,0.063761178,0.165435844,6.901595745,0.480863592,167
19.36363636,221.4090909,135.9090909,1.727272727,1.090909091,23.40909091,240.4090909,117.0454545,1.318181818,0.772727273,0,1,-0.183810304,0.153628684,24.73805855,-1.427111717,168
24.54545455,286.5909091,110.8181818,1.136363636,0.681818182,23.18181818,263.9545455,115.3181818,1.318181818,0.909090909,0.090909091,0,0.16479588,0.261854759,11.54711674,1.604823748,169
26,311.2272727,92.95454545,1.318181818,1.090909091,24.13636364,243,110.2272727,1.272727273,0.909090909,0.090909091,1,0.173720581,0.1632804,1.310679612,0.650060753,170
22.36363636,241.7727273,107.7727273,1.636363636,1,23.59090909,257.4090909,102.6818182,1.454545455,0.909090909,0.090909091,0,0.155166134,0.1319971,0.916473318,2.064732143,171
22.40909091,219.4545455,96.54545455,0.954545455,0.590909091,20.45454545,255.3181818,115,1.863636364,0.863636364,0,0,0.124866493,0.099432663,0.766369048,-1.071205497,172
21.18181818,274.0454545,100.5,1.636363636,1.136363636,25.68181818,240.2272727,112.4090909,1.227272727,0.863636364,0.090909091,0,0.119276494,0.157613361,1.632867133,0.100671141,173
23.81818182,276.0909091,98.09090909,1.454545455,1,20.27272727,239.0909091,119.7727273,1.772727273,0.772727273,0.090909091,1,0.133144655,0.095420804,-0.416099387,0.665372397,174
23.68181818,254.5454545,138.7727273,1.681818182,1.090909091,26.81818182,288.4090909,101.9090909,1.090909091,1.136363636,0.090909091,1,0.139947925,0.135086253,5.591432225,-0.688956434,175
19.95833333,263.9583333,89.625,1.5,1.125,30.20833333,278.9583333,116.8333333,1.208333333,0.708333333,0,0,0.141781053,0.167527487,-1.939905113,-1.773076923,176
22.66666667,224.9166667,131.1666667,1.041666667,1.041666667,23.25,236.2083333,127.125,1.5,0.833333333,0.166666667,0,0.204766074,0.167852708,0.352049911,-1.229946524,177
21.29166667,252.75,97.79166667,2.083333333,0.875,20.33333333,212.7083333,94.04166667,1.416666667,0.916666667,0.083333333,0,0.183798867,0.072533727,0.391494436,0.794117647,178
20.91666667,215.6666667,108.2083333,1.333333333,0.75,23.75,238.0833333,129.5833333,1.541666667,0.958333333,0.083333333,0,0.110973832,0.094203431,-1.062091503,-1.302793296,179
26,284.375,117.9166667,1.125,1.083333333,23.08333333,245.4583333,114,1.291666667,0.75,0,1,0.234003828,0.144169549,1.418539326,-1.012311902,180
22.95833333,233.0833333,112.6666667,1.166666667,0.916666667,18.875,234.4166667,131.125,1.833333333,1.25,0.083333333,1,0.158350436,0.051175945,-0.202067669,-3.880829016,181
23.08333333,246.0833333,146.4583333,1.541666667,0.791666667,25.16666667,283.2916667,96.95833333,0.916666667,0.916666667,0,1,0.109967003,0.143357893,-2.114397827,1.133333333,182
27.20833333,248.4166667,117.7083333,1.208333333,0.625,20.91666667,282.7916667,107.9583333,1.833333333,1.208333333,0,0,0.209663136,0.14241362,-0.586021505,-1.361370717,183
24.875,244.0416667,115.7916667,1.166666667,0.75,22.5,277.4583333,96.33333333,1.541666667,1,0,0,0.141379542,0.064866141,1.074249605,-0.919806943,184
19.33333333,246.9166667,117.0416667,1.25,1.083333333,25.375,268,110.0416667,0.958333333,0.875,0,1,0.171660465,0.145429195,-0.543374643,1.373333333,185
19.16666667,213.2083333,129.2083333,1.708333333,1.291666667,23.58333333,224.3333333,118.9166667,1.208333333,0.833333333,0.083333333,1,0.163825453,0.12213904,0.070621469,-0.858091576,186
22.41666667,246.0416667,129.875,1.333333333,0.625,16.58333333,215.5833333,99.41666667,1.375,0.916666667,0,1,0.157540449,0.09918419,-1.861445783,-0.619318182,187
19.83333333,205.9583333,134.9583333,1.125,1.083333333,16.16666667,220.6666667,96.04166667,1.375,0.958333333,0.083333333,1,0.157270582,0.203540608,3.100775194,-1.204118174,188
27,282.6666667,134.3333333,1.083333333,0.791666667,23.5,284.9583333,107,1.291666667,1.416666667,0,1,0.1386067,0.089782731,-2.358989424,0.743931088,189
25.45833333,256.4583333,112.2083333,1.041666667,0.75,23.29166667,289.25,109.375,1.333333333,1.041666667,0,1,0.195044276,0.054021829,3.417576106,-2.169570761,190
27.125,274.5,114.1666667,1.166666667,0.75,25.45833333,274.5416667,121.625,1.75,1,0.083333333,1,0.191355483,0.16076803,3.033767147,5.730229592,191
20,250.6538462,115.5384615,1.961538462,0.846153846,25.46153846,245.3461538,118.3846154,1.269230769,0.807692308,0.076923077,0,0.140922632,0.156431487,-2.431506849,-1.267880364,192
20.07692308,239.6153846,113.7692308,1.423076923,0.769230769,21.61538462,214.2307692,133.2307692,1.115384615,0.961538462,0,0,0.218842075,0.259223896,-0.100472813,-0.487465181,193
22.61538462,243.1538462,101.2692308,1.153846154,0.923076923,24.92307692,277.5,117.9615385,1.5,0.884615385,0,0,0.05057533,0.17472494,-1.400771388,2.806912992,194
26.69230769,254.2692308,129.8846154,0.730769231,0.730769231,21.34615385,273.9230769,98.34615385,1.538461538,1.269230769,0.076923077,1,0.075627592,0.256573813,-3.569093611,-0.043763676,195
23.34615385,286.1923077,105.1153846,1.269230769,1.307692308,24.30769231,256.4230769,121.6923077,0.961538462,1.115384615,0.076923077,1,0.141621835,0.206701819,-2.732740586,2.402669633,196
25.23076923,317.2307692,87.15384615,1,1.346153846,28.19230769,272.6538462,135.6538462,1.115384615,0.692307692,0.076923077,1,0.095708446,0.17716189,-0.971370143,-1.997563946,197
23.03846154,236.9615385,126.4230769,1.423076923,0.846153846,18.92307692,244.2307692,92.11538462,1.307692308,0.769230769,0.076923077,1,-0.030986787,0.133180637,1.407263294,-0.822959889,198
22.61538462,267.3076923,99.61538462,1.230769231,1.153846154,23.65384615,245.8846154,144.3076923,1.653846154,0.807692308,0,0,0.211599234,0.151509131,1.851126347,0.347803347,199
22.57692308,232.7692308,119.5384615,1.153846154,1.153846154,20.84615385,239.9230769,108.1923077,1.538461538,1.115384615,0,0,0.157905754,0.195811782,3.453586498,-0.530535653,200
18.88461538,210.4615385,123.3076923,1.576923077,1.076923077,25.07692308,220.6538462,143.3846154,1.307692308,0.769230769,0,0,0.166295316,0.252094963,-0.099916736,1.070574163,201
23.23076923,244.3461538,108.2692308,1.307692308,0.923076923,21,253.1923077,105.8076923,1.692307692,0.846153846,0.076923077,0,0.13194,0.235016078,-1.607445008,0.299465241,202
20.30769231,229.7692308,99.76923077,1.384615385,1.038461538,23.53846154,267.1153846,123.2692308,1.192307692,1.192307692,0,1,0.119019283,0.159586629,0.613207547,-1.34009009,203
23.07692308,261.5384615,106.1923077,1.307692308,0.807692308,22.96153846,234.3461538,140.1923077,1.461538462,1,0,1,0.207630321,0.080345961,7.105943152,-1.828703704,204
21.69230769,244.3461538,86.5,1.192307692,0.884615385,22.76923077,243.4230769,108.6923077,1.615384615,0.653846154,0,1,0.098290232,0.121166334,1.694722475,1.822705492,205
25.23076923,249.3846154,115.3846154,1.115384615,0.576923077,22.69230769,252.1153846,131.1538462,2,0.807692308,0.076923077,0,0.200060793,0.111915182,-0.328371278,3.96353167,206
22.19230769,223.1923077,120.6538462,1.384615385,0.961538462,24.26923077,232.3076923,123,1.423076923,0.961538462,0.076923077,1,0.157155761,0.128471481,1.526586621,1.234511937,207
21.03571429,279.25,114.6428571,1.178571429,1.178571429,26.82142857,266.8571429,104.6785714,0.928571429,0.892857143,0.071428571,0,0.186631376,0.171741964,0.630769231,1.262975779,208
21.25,250.5714286,98.75,1.964285714,0.821428571,23.07142857,216.5357143,106.5,1.142857143,0.75,0.071428571,0,0.145399061,0.151922283,-2.387898433,7.630662021,209
23.78571429,228.3571429,128.25,1.5,0.821428571,20.89285714,237.75,120.25,1.357142857,0.892857143,0,1,0.071032495,0.208184821,-1.002024291,-1.397621071,210
19.07142857,252.5714286,94.42857143,2.142857143,0.964285714,31.75,279.7857143,142.4285714,1.071428571,0.607142857,0,0,0.125394316,0.126098869,0.736754967,-3.165417057,211
26.42857143,256.5,118.1785714,1.035714286,0.857142857,20.60714286,239.7142857,111.75,1.392857143,1.071428571,0,1,0.144312623,0.150155068,-1.16221374,-2.076215506,212
25.21428571,305.6071429,113.3214286,1.25,1.071428571,25.96428571,274.7857143,107.5357143,0.928571429,0.892857143,0,0,0.170799524,0.160772213,-1.583418281,-1.137901861,213
23.89285714,244.8214286,116.4285714,0.964285714,0.892857143,21.67857143,280.4285714,96.85714286,1.321428571,1.035714286,0.071428571,0,0.1297428,0.167648276,-1.348884381,-2.267792521,214
21.53571429,274.1428571,107.7142857,1.821428571,1.071428571,27,236.25,143.3928571,1.571428571,0.5,0,0,0.13971501,0.165701922,5.291666667,-0.361858191,215
20.25,224.7857143,109,1.928571429,1.035714286,22.10714286,218.0714286,115.9285714,1.392857143,0.928571429,0,0,0.057990817,0.142254098,-0.56713524,-1.558603491,216
19.75,223.7857143,132,1.25,0.928571429,24.14285714,255.3928571,121.75,1.321428571,0.892857143,0,0,0.14725,0.263986854,-0.684306569,-1.721854305,217
25.07142857,258.6428571,127.6071429,1,0.75,21.39285714,215.8214286,126.7142857,1.5,0.964285714,0,0,0.205375606,0.20953538,0.301142264,0.303497942,218
24.92857143,254.8571429,122.0714286,1.214285714,0.714285714,20.78571429,260.5714286,103.8928571,1.392857143,0.821428571,0.071428571,1,0.234040444,0.168198868,-1.14530777,-3.356456777,219
25.67857143,274.9642857,115.3928571,1.5,0.928571429,19.78571429,235.9642857,94.21428571,1.428571429,1.178571429,0.142857143,1,0.191285735,0.145770534,-0.652671756,-2.233738385,220
16.57142857,218.0714286,94.5,1.785714286,1.392857143,22.25,211,128.0357143,1.071428571,1.357142857,0.071428571,0,0.130731594,0.146568409,-2.079831933,-2.409533317,221
23.28571429,260.1071429,114.3928571,1.357142857,1.071428571,24.28571429,257.1785714,123.6071429,1.25,1,0,1,0.259946292,0.115534805,-1.283487579,-1.125093914,222
20.28571429,210.3571429,125.9285714,1.214285714,0.75,20.57142857,215.2142857,134.5714286,1.678571429,0.821428571,0.071428571,1,0.147108013,0.113231191,2.21182266,0,223