Home Scoring,Home Pass Yds,Home Rush Yds,Home Fumbles,Home Ints,Away Scoring,Away Pass Yds,Away Rush Yds,Away Fumbles,Away Ints,Home Field Adv,Target
16.5,209.5,101.5,2.5,0.5,24,253,83.5,1,0.5,0,1
23.5,203,131.5,1,0.5,14,208,139.5,2,1,0,0
21,185,132,0,1,15,169,99.5,2,0,1,1
20.5,179.5,76,1.5,1.5,19.5,285.5,125,3.5,0.5,1,0
14,267,106.5,3,1,19,125,127,1,0.5,1,0
16,209,96.5,3,2.5,24,222.5,118.5,1,2,1,0
11,252.5,71.5,1,2,16,266.5,127.5,3.5,0.5,0,1
9.5,155,70.5,1,0.5,14.5,209.5,105.5,0.5,0,0,0
10.5,226.5,61.5,2,0.5,16,271.5,95,3,0.5,1,0
15,238.5,124,5.5,0.5,25.5,203.5,145,2,1.5,1,1
11.5,260,69,1,1.5,27.5,170,105.5,0,0.5,1,1
18.5,302,66.5,1.5,0,20.5,194.5,180,0.5,0.5,0,0
15.5,296.5,99,2,0.5,22.5,119,134.5,0.5,0,1,1
16.5,209.5,101.5,2.5,0.5,24,253,83.5,1,0.5,0,1
21,307.5,66.5,2,1.5,32.5,185,187.5,0.5,2,1,1
7.5,198,70,1,1.5,22.5,203.5,78,0.5,0.5,1,0
18.25,194.5,108.75,1.5,2.25,22.5,238.25,98.5,1,1,0,0
13.25,190,104.25,1,2,13,176.5,96.75,2,0.75,0.5,1
19.25,161.75,120,3,1.25,26.25,201.5,125,3.75,1.5,0.5,0
25.25,235.75,98.25,0.75,0.5,17.25,201.5,99.25,0.75,0.75,0,1
26,263,110.5,0.5,0.5,19.5,378.75,50.25,0.75,0.5,0,0
14.25,206.75,79.5,2,1.25,13.75,174.75,118,2.25,1.25,0,0
15.25,222.75,97.5,0.75,1,20.25,230.75,128,1.5,1,0,0
23.25,167,100.5,0.5,0.75,14,256.75,93.25,2.25,1.25,0,1
18.25,263,127.5,2.25,1.25,18.5,214.25,83.5,1.75,0.75,0,1
16,299.75,80.25,0.75,1.25,18.25,285.75,98,3,0.5,0.5,1
24,246.5,113,0.75,2,27.5,278,137.75,1.75,0.75,0,0
19,195.5,127.5,2.5,1,20.75,226.75,153.75,2.5,1.5,0.5,1
24,217.5,132.75,1.25,0.75,25,272.75,111.75,1.25,0.75,0,0
19.75,191,98,1,2,22.25,291,93.5,1.5,1,0,1
13.25,198,88.25,1.25,0.75,14.25,164.5,114.5,1.5,0.75,1,0
18.25,237.5,103,1.75,0.75,23.75,247,69.75,1.5,1.25,0,1
19,273.6666667,82.66666667,1.333333333,1.5,20.16666667,234.1666667,109.1666667,2.333333333,1.333333333,0,1
16.66666667,201,110.6666667,1.666666667,1.333333333,19.33333333,220.1666667,111.5,0.833333333,1,0,1
15.66666667,224.5,82.16666667,1,1.333333333,25.83333333,206.5,136.8333333,1,0,0.333333333,0
18.83333333,141.1666667,138.8333333,1.5,0.5,12.83333333,229.3333333,74.33333333,2,1.666666667,0,0
23.83333333,202.5,115.8333333,1.833333333,1,17.16666667,281.1666667,91.66666667,2.333333333,0.833333333,0,0
26,269.3333333,122,1.666666667,1,17.16666667,210.8333333,91.33333333,1.5,1.333333333,0,1
27.33333333,229.8333333,135.8333333,0.5,0.5,14,249.5,89.66666667,1.333333333,1.833333333,0,1
22.33333333,248.6666667,84.16666667,0.833333333,1.166666667,15,204.6666667,121.6666667,2.5,1.5,0,1
21.66666667,304.5,100.8333333,1.666666667,0.666666667,25.5,214.6666667,139.6666667,0.833333333,1,0.333333333,0
16.83333333,218.6666667,128,1.5,1.333333333,28.66666667,322.1666667,98.33333333,1.166666667,0.5,-0.333333333,1
24.83333333,303.3333333,131.3333333,2,1.333333333,18.16666667,194,103.8333333,2.333333333,1.5,0,1
25,298,118.5,1.166666667,0.333333333,19.66666667,243.5,101.5,1,1,0.333333333,0
17.66666667,278.5,77.33333333,1.666666667,1.666666667,25.16666667,237.5,104.3333333,1.833333333,0.833333333,0,1
22.33333333,245.1666667,115.5,1,0.666666667,23.5,229.6666667,120.3333333,0.833333333,0.833333333,0.333333333,0
16.75,259.375,98.25,2.5,1.375,22.875,247.75,114.875,1.5,1.375,0.5,1
21.5,236,103.25,1,1,24.5,198.875,151.75,0.875,0.625,0.25,0
18.25,226.375,108.125,1.25,0.875,23.125,275.5,97.75,1.375,1,0,1
18.25,226.875,92.625,1.125,1.125,17.75,242.75,85.875,1.5,0.5,0.25,1
19.70833333,235.75,116.6666667,1.583333333,1.375,18.08333333,199.8333333,101.9166667,1.25,1.083333333,0.416666667,0
14.25,219.5,90.125,2.25,1.25,19.5,236.875,91.125,1.625,1.125,0,0
24.5,213.25,144.625,1.25,1.125,21.75,303.25,101.875,1.375,1,0.25,0
20.95833333,297.125,75.25,1.708333333,0.458333333,22.83333333,195.7083333,155.0833333,0.916666667,0.875,0.416666667,1
16,217.875,106.375,1.375,1.5,21.25,245.375,126.75,0.625,0.75,0,0
16.25,193.625,118.625,2.25,1.125,24.625,264.125,114,1.5,0.75,0.5,1
18.375,211.125,110.125,2,1.625,27.5,246.375,147.125,1.5,0.75,0,1
17.5,275.4166667,86,1.583333333,0.833333333,21.08333333,197.3333333,108.4583333,1.875,0.708333333,0.416666667,0
16.375,209.125,108.75,1.375,1.625,24.75,246.375,119.875,1.25,0.625,0.25,0
19.58333333,188.125,127.5416667,1.166666667,0.333333333,14.79166667,222.875,109.0416667,1.416666667,1.5,0.166666667,1
18.9,205.9,94.1,1.2,1.5,23.6,300.6,117.4,2.5,0.8,-0.2,1
23.4,219.925,112.375,1.1,0.975,17.15,243.375,105.9,1.075,1.225,0.1,0
18.825,263,85.675,1.425,1.425,16.775,220.45,79.05,1.575,1.45,0.1,0
19.45,211.275,111.15,1.975,0.775,19.9,242.875,109.425,1.55,1.625,0.1,0
20.45,192.95,126.75,1.025,0.8,14.05,225.35,82.525,2.275,1.35,0.1,1
19.2,247.6,108.5,1.9,1.1,21.6,222.7,137.3,0.8,1.1,0,1
23.575,197.575,111.725,1.075,0.35,21.2,252.5,113.125,0.875,1.475,-0.1,1
21.8,255.5,131.7,2,1.5,22.4,217.7,90.3,1.9,1.3,-0.2,1
18.925,248.675,111.45,1.05,0.875,23.225,253.05,114.175,0.875,0.775,-0.1,1
18.5,298.4,65.4,1.6,0.8,25.1,200.9,146.3,0.9,0.3,0.2,0
21,229.5,112.8,1.9,1.1,24.1,233.5,122.8,1.7,1,0.2,1
18.75,215.375,116.875,1.375,1.125,18.5,265.625,99.75,0.875,0.875,0,1
19,237.8,115.4,1.3,0.6,22.8,316.6,96,1.5,0.6,-0.2,0
20.2,226.5,124.3,1.6,1.3,26.9,232.5,120.5,1.8,0.7,0,0
17.41666667,237.1,98.35,2.166666667,0.716666667,19.68333333,220.8833333,130.6666667,1.216666667,1.666666667,0.066666667,1
25.43333333,220.05,146.95,1.2,0.6,16.61666667,177.6833333,105.95,1.183333333,0.65,0.266666667,1
23.5,193,128.1666667,1.583333333,1,20.91666667,262.3333333,115.9166667,1.833333333,1,0,1
21.25,258.5,109.25,1.25,0.833333333,16.33333333,212.25,101.5833333,2.083333333,1,0,0
14.9,246.5,89.6,1.6,1.4,22.6,194.9,120.2,1.1,0.9,0.2,0
16.78333333,186.5166667,105.3833333,1.816666667,1.4,18.75,214.95,112.7833333,1.5,1.65,-0.1,1
24.71666667,223.6833333,137.8833333,0.883333333,0.633333333,18.36666667,222.3,112.9,1.183333333,1.05,0.266666667,1
19.25,265.75,107.0833333,1.666666667,1,17.5,246.25,88.33333333,1.5,1,0.166666667,0
21.03333333,224.7166667,122.9166667,1.333333333,1.033333333,18.41666667,255.7833333,100.6166667,1.366666667,1.516666667,0.066666667,1
23.6,234.5,113.3,1.2,1.3,18.5,246.9,78.9,2.1,1.2,0,1
24.68333333,309.7,113.05,1.316666667,1.116666667,25.9,211.8,107.35,1.05,0.983333333,0.266666667,0
22.91666667,267,108.4166667,1.416666667,0.416666667,21.66666667,209.4166667,128.9166667,1.75,1.083333333,0,0
20.38333333,228.7333333,102.0166667,1.083333333,0.983333333,18.03333333,217.9833333,118.2666667,1.383333333,1.283333333,0.1,1
20.03333333,254.7666667,93.91666667,1.533333333,1.283333333,22.26666667,221.25,118.5666667,1.416666667,0.866666667,0.266666667,0
19.4047619,202.4285714,120.4642857,0.845238095,1.404761905,15.60714286,213.4285714,101.9047619,2.55952381,1.19047619,0.095238095,1
21.66666667,288.6309524,96.42857143,2.011904762,1.238095238,20.95238095,244.952381,117.7738095,1.702380952,1.083333333,0.238095238,1
22.96428571,210.5714286,141.7261905,1.071428571,0.880952381,20.3452381,253.1666667,94.64285714,1.571428571,1.05952381,0.071428571,0
26.3452381,281.9047619,107.5,0.833333333,0.869047619,21.95238095,201.452381,122.5238095,1.30952381,1.202380952,0.071428571,0
22.25,257.25,100.5,1.5,0.833333333,21,236.1666667,112.5,1.25,1.25,0.166666667,0
22.28571429,222.8571429,124.2857143,1.285714286,1.071428571,21.42857143,266.5,87.28571429,1.642857143,0.785714286,0.142857143,1
29,194.3333333,175.5,1,0.333333333,19.41666667,229,100.1666667,1.416666667,0.916666667,0,1
21,294.8571429,101.5,2,1.285714286,24.85714286,181.2142857,108.5,1.642857143,0.857142857,0.142857143,1
18.83333333,186.5833333,124.6666667,2.333333333,1.5,21.5,233,119,1.75,0.833333333,0.333333333,0
21.70238095,243.0714286,117.9642857,2.047619048,1.071428571,21.78571429,210.6190476,117.1785714,1.273809524,0.714285714,0.071428571,1
24.41666667,221.3333333,105.1666667,0.75,0.833333333,20.58333333,245.3333333,116.9166667,1.416666667,1.5,0,1
17.33333333,270.9285714,78.11904762,2.023809524,1.464285714,21.27380952,191.1547619,113.7738095,1.904761905,0.702380952,-0.071428571,1
27.5,319.5833333,99.58333333,1.416666667,0.5,23.16666667,237.25,139,0.916666667,0.833333333,0.333333333,1
17.5,216.7857143,101.8571429,2.214285714,1.142857143,24.07142857,217.5714286,138.6428571,1.428571429,0.928571429,0.142857143,0
23.71428571,230.2142857,143.4285714,1.071428571,1.357142857,19.21428571,254.1428571,100.3571429,1.714285714,1,0.142857143,1
21.28571429,227.7857143,108.2142857,1.214285714,0.785714286,18.71428571,228.2142857,110.2857143,1.071428571,0.928571429,0,1
23.01785714,221.8392857,109.5625,0.919642857,0.866071429,27.19642857,322.2767857,108.1696429,1.294642857,0.723214286,-0.071428571,0
19.42857143,246.5714286,101.3571429,1.428571429,1.214285714,24.78571429,241.9285714,112,0.714285714,0.857142857,0.142857143,1
20.92857143,247.6428571,85.5,1.857142857,1,23.14285714,217.8571429,141.9285714,1.642857143,0.857142857,0.142857143,0
15.32142857,187.2142857,97.09821429,2.419642857,1.241071429,21.15178571,242.2321429,101.875,1.241071429,1.401785714,0.053571429,0
23.35714286,229.7857143,138.8571429,1.428571429,1.285714286,19.78571429,205.2857143,97.64285714,1.857142857,1.285714286,0,1
19.71428571,203.0714286,87,1.714285714,1,22.5,270.9285714,123,1.785714286,1.214285714,0.142857143,0
21.96428571,233.4642857,132.4642857,1.910714286,0.928571429,22.14285714,186.8660714,158.9017857,1.026785714,0.464285714,0.071428571,1
22.42857143,238.8571429,131.2142857,1.642857143,0.714285714,25,269.4285714,103.2142857,1.357142857,0.928571429,0,1
24.35714286,236.1160714,109.4285714,1.142857143,0.919642857,19.5,274.3839286,102.2410714,1.044642857,1.535714286,0.071428571,1
17.71428571,262.2857143,79.92857143,1.714285714,1.214285714,22.14285714,210.2857143,119,1.714285714,1.071428571,0,0
20.9375,230.6875,120.625,1.125,0.8125,20.5625,253.125,107.3125,1.1875,1.1875,0,1
19.75,220.25,93.4375,1.1875,1.125,18.0625,239.0625,105.8125,1.875,1.5,0,1
21.125,235,116.875,2,1.125,27.25,231.5625,130,1.5625,0.625,0,1
21.3125,213.25,114.25,1.3125,1,17.375,196.8125,118.875,1.875,1.75,0.125,1
18.3125,249.75,105.75,1.3125,1.5,24.9375,213,115.0625,1.5,0.625,0.125,1
25.4375,266.5,106.5,1.625,0.875,20.9375,239.4375,118,1.375,0.875,0.125,1
17.625,215.5,102.3125,1.625,0.8125,21.125,231.9375,126.9375,1.4375,0.875,0,0
24.4375,253.875,115.8125,1,1,26.1875,265.0625,127.8125,0.875,0.9375,0.125,1
18.6875,280.75,82.8125,2,0.75,25.375,194.1875,167.125,0.75,0.5625,0,1
17.375,231.9375,98.1875,1.9375,1.125,19.875,227.1875,103.1875,1.0625,1,0.125,1
28,244.375,137.875,1.625,1,20.0625,241.9375,78.25,1.8125,1.375,0,0
21.125,239.625,100.25,2.0625,1.125,22.1875,233.0625,109.4375,1.25,1.125,0.125,0
22.625,236.5,117.6875,1.4375,1,21.375,243.1875,82.6875,1.375,1,0.125,0
21,243.5625,99.25,1.3125,1.3125,23,275.5625,124.9375,1.75,0.8125,0,0
17.66666667,238.9444444,93.38888889,1.666666667,1.444444444,20.38888889,222.0555556,102.6111111,1.333333333,1.111111111,0.111111111,0
23.83333333,241.4444444,129.7222222,1.333333333,0.722222222,20.94444444,214.2777778,113.2222222,1.666666667,1.055555556,0.111111111,0
21.55555556,210.4444444,118.9444444,1.611111111,0.722222222,22.05555556,243.1111111,112.7222222,2.166666667,1.111111111,0.111111111,1
22,269.2777778,104.2777778,1.722222222,1.277777778,25.94444444,256,101.5555556,1.611111111,0.944444444,0,1
26.11111111,245.4444444,126.5555556,1.777777778,0.833333333,20.11111111,261.8888889,99.44444444,1.611111111,1.388888889,0.111111111,0
25.83333333,268.0555556,129.5,1.166666667,0.611111111,20.38888889,244.1666667,109.9444444,1.277777778,0.666666667,0.111111111,1
26.27777778,246.8888889,148.8888889,1.111111111,0.777777778,20.5,229.9444444,93.55555556,2.055555556,1.111111111,0,1
21,235,123.7222222,1.111111111,1.166666667,23.44444444,240.6666667,115.5,1.388888889,0.888888889,0,1
14.94444444,203,96.77777778,1.888888889,1.222222222,22.83333333,221.2222222,125,1.111111111,1,-0.111111111,0
17.33333333,233,117.7777778,1.444444444,1.666666667,23.11111111,237.0555556,100.7777778,0.944444444,0.944444444,0.111111111,0
20.33333333,228.2222222,121.1666667,1.388888889,1.333333333,21.44444444,236.8333333,106.7777778,1.5,0.722222222,0,0
18.61111111,237,102,1.111111111,1.222222222,21.44444444,250.8333333,112.8888889,1.333333333,0.722222222,0,0
22.22222222,289.2777778,99.16666667,1.5,1.055555556,17.61111111,197.6111111,98.61111111,1.444444444,0.888888889,-0.111111111,1
24.61111111,233.1111111,119.9444444,1,0.777777778,25.22222222,292.8888889,101.7222222,1.166666667,0.777777778,0,1
25,234.9444444,117.0555556,2,0.777777778,24.72222222,256.9444444,125.4444444,1.388888889,1.611111111,0.111111111,1
27.27777778,284.2222222,125.4444444,1.444444444,0.722222222,22.22222222,257.6666667,83.11111111,1.5,0.722222222,0.111111111,1
23.8,284.7,94.65,1.3,1.2,26.3,233.75,121.7,1.5,0.7,0.1,0
19.95,240.65,94.65,1.55,1,25.3,273.3,106.4,1.4,1.1,0.1,0
25,230.15,132.1,1.45,0.95,19.6,248.6,93.45,1.5,0.9,0,1
21.4,247.95,98,1.2,1,20.85,261.35,124.75,1.5,1.35,0,0
26.15,269.25,125.25,1.6,1.25,22,213.9,112.4,1.85,1.25,0.1,1
22.1,267.7,115.25,1.25,1.1,27.2,254.7,117.4,1.25,0.65,0,1
18.9,239.25,88.35,1.8,1.2,25.55,221.15,140.75,1.35,0.6,0,0
20.1,240.9,120.55,1.1,1,22.2,259,97.95,1.1,1.2,0,1
22.2,208.4,120.85,1.45,1,16.15,216.55,106.4,1.7,1.5,0.1,1
22.3,212.55,132.4,1.9,0.9,19.75,226.95,113.2,1.35,0.9,0,0
19.6,244,93.9,1.25,0.85,23.8,253.8,135.05,1.05,0.65,0.1,0
21.95,226.15,126.55,1.35,1.1,19.35,221.25,109.8,1.55,0.75,0.1,1
20.85,225.55,99.35,1.25,1.7,21.5,244.65,114.4,2.15,0.95,0,1
20.75,276.45,88.6,1.8,0.7,23.2,229.15,122.95,0.95,0.75,0.1,0
23.95,255.25,87.65,1.1,0.8,24.5,270.95,124.2,1.55,0.9,0.1,0
20.35,225.4,95.65,1.65,1.05,22.6,253.85,115.45,1.35,1.05,0.2,0
27.13636364,284.2272727,123.4090909,1.454545455,0.636363636,23.68181818,241.9545455,117.5454545,1,1.181818182,0.090909091,1
24.5,268.6363636,134.7727273,1.727272727,1.181818182,20.68181818,234.5909091,95.45454545,2.045454545,1.090909091,0,1
19.72727273,249.5,112.7272727,1.045454545,1.318181818,20.04545455,211.0454545,110.3636364,1.545454545,0.909090909,0.090909091,0
22.45454545,250.0454545,98.31818182,1.181818182,0.818181818,16.04545455,224.8636364,111.6818182,1.545454545,1.227272727,0.090909091,1
19.18181818,230.7272727,100.4545455,1.909090909,1,25.13636364,262.4545455,108.5909091,1.363636364,1.272727273,0.090909091,0
25.04545455,232.2272727,115.9545455,1.272727273,0.863636364,20.81818182,240.7272727,126.5,1.5,1.409090909,0.090909091,0
27.63636364,229.0909091,157.9545455,0.909090909,0.454545455,21.86363636,283.2272727,87.90909091,1.636363636,0.681818182,0.090909091,1
19.54545455,252.5909091,82.68181818,2,1.318181818,22.90909091,231.2727273,115.2727273,1.681818182,1.090909091,0.090909091,0
22,223.9545455,143.7727273,1.181818182,0.954545455,21.27272727,225.0454545,101.4090909,1.227272727,0.954545455,0.090909091,1
25.72727273,264.5,123.5,1.545454545,0.681818182,21.81818182,214.1818182,110.4090909,1.727272727,1.181818182,0.090909091,0
26.5,281.5,98.31818182,1.318181818,0.909090909,23.09090909,251.4545455,112.6818182,1.454545455,1.090909091,0.090909091,0
19.31818182,236.3181818,90.68181818,2,1,24.18181818,243.2272727,125.4090909,0.954545455,0.909090909,0.090909091,0
19.45454545,239.7272727,105,1.5,0.909090909,22.68181818,231.2272727,130.1818182,0.863636364,0.954545455,0.090909091,0
22.04545455,226.1363636,104.2272727,1.272727273,1.136363636,18.86363636,236.3181818,110.8636364,1.681818182,1.181818182,0.090909091,1
19.59090909,253.5,89.18181818,1.772727273,1,20.09090909,221.0454545,113.8636364,1.454545455,0.818181818,0,0
23.68181818,234.8636364,99.36363636,1.045454545,0.545454545,24.09090909,262.3636364,129.3636364,1.090909091,1.045454545,0.090909091,1
23.04166667,200.8333333,127.6666667,1.375,0.875,23,283.0416667,101.25,1.291666667,1.25,0,0
20.08333333,231.5,113.5,1.5,1.291666667,23.41666667,213.25,141.1666667,1.375,0.791666667,0,1
24.54166667,228.7083333,122.4583333,1.333333333,0.958333333,18.58333333,255.875,77.29166667,1.708333333,1.208333333,0.083333333,1
21.91666667,215.2083333,137.9166667,1.458333333,0.958333333,24.29166667,236.7916667,129.25,1.625,1,0,1
16.125,218.0833333,101.1666667,1.666666667,1.416666667,25.45833333,230.75,128.7083333,0.916666667,0.916666667,0,0
19.70833333,240.4166667,108.9166667,1.541666667,1.375,22.33333333,241.2083333,128.0833333,1.458333333,0.708333333,0,0
19.16666667,243.4583333,100.125,1.5,1.208333333,25.375,255.6666667,114.4583333,1.625,0.75,0,1
20.5,252,115.4583333,1.291666667,0.958333333,20.79166667,236,93.125,1,0.958333333,0,1
22.33333333,276.3333333,101,1.625,1.083333333,19.125,216.6666667,106.6666667,1.5,0.708333333,0,1
23.33333333,277.2083333,103.7083333,1.5,0.791666667,22.83333333,206.2916667,135.2083333,0.958333333,0.708333333,0,1
21.04166667,218.2083333,124,1.333333333,0.833333333,18.625,237.3333333,97.04166667,1.25,1,0,0
22.20833333,226.0833333,112.75,1.541666667,0.916666667,24.75,273.4166667,115.2083333,1.375,0.75,0,1
21.45833333,255.0833333,108.5,1,1.375,23.79166667,241.25,98.20833333,1.416666667,0.875,0,0
23.95833333,259,101.5,1.375,1.458333333,28.33333333,270.5,125.9166667,1.75,0.791666667,0,0
19.75,217.875,112.8333333,1.916666667,1.416666667,23.375,234.3333333,117.4583333,1.458333333,1.125,0.083333333,0
20.375,238.9583333,114.125,1.166666667,0.791666667,24.20833333,273.9166667,104.9166667,1.166666667,0.75,0,0
24.38461538,270.6923077,106.7307692,1.307692308,0.923076923,19.07692308,207.5,100.0769231,1.076923077,1,0,1
19.73076923,234.0384615,108.8846154,1.153846154,0.846153846,21.65384615,221.9230769,135.5384615,1.307692308,0.615384615,0,0
19.76923077,241.4615385,106.2692308,1.153846154,1.384615385,22.30769231,215.2307692,117.8461538,1.576923077,1,0,1
24.84615385,243.0769231,105.8461538,1.192307692,0.846153846,22.34615385,264.8076923,124.8076923,1.192307692,0.961538462,0,1
21.69230769,218.4230769,136,1.307692308,1,19.23076923,214.3846154,106.5,1.769230769,0.884615385,0.076923077,0
26.07692308,290.6538462,96.26923077,1,1.038461538,23.57692308,208.6538462,149.4615385,1.384615385,1,0.076923077,1
21.88461538,227.5384615,120.3076923,1.730769231,0.653846154,21.23076923,233.6153846,114.9230769,1.230769231,1.269230769,0.076923077,0
20.53846154,231.0769231,107.4615385,1.884615385,0.653846154,21.5,265.1538462,99.92307692,1.384615385,1.192307692,0.076923077,1
24.5,243.0384615,125.9230769,1.384615385,1.576923077,24,239.7692308,120.6153846,2.346153846,0.846153846,-0.076923077,0
24.26923077,271.7692308,117.5769231,1.576923077,1.076923077,23.23076923,265.5769231,104.8076923,1.576923077,1.153846154,0,1
19.80769231,210.6923077,127.7307692,1.576923077,1.307692308,22.34615385,211.0769231,111.4615385,1.692307692,1.230769231,0,1
19.38461538,242.6153846,96,1.192307692,1.346153846,25.53846154,261.7692308,121.8846154,0.807692308,0.692307692,0,0
26.53846154,227.5769231,149.8076923,1.769230769,0.769230769,22.15384615,250.6153846,111.2307692,1.576923077,0.653846154,0,1
20.46153846,224.0769231,104.3846154,1.461538462,0.615384615,18.11538462,236.6923077,101.8846154,1.730769231,1.115384615,0.076923077,0
23.23076923,238.6923077,114.8846154,0.923076923,0.884615385,22.38461538,272.1923077,103.8461538,1.115384615,1.192307692,0,1
17.61538462,227.8846154,105.2307692,1.653846154,1.461538462,20.26923077,217.2692308,99.96153846,1.192307692,1.115384615,0,0
23.46428571,224.5,124.1428571,1.357142857,0.928571429,14.39285714,208.6785714,90.07142857,1.821428571,1.285714286,0.071428571,1
23.25,237.3214286,97.75,1.678571429,1.214285714,25.85714286,258.3571429,124.4285714,1.428571429,1.142857143,0.071428571,1
20.42857143,231.1428571,102.8571429,0.892857143,0.964285714,19.46428571,230.9642857,109.1428571,1.392857143,0.964285714,0,1
20.57142857,244.5357143,111.3214286,1.464285714,1.25,28.53571429,234.1071429,135.5714286,1,0.535714286,0,0
18.03571429,218.6071429,100.4285714,1.642857143,0.928571429,21.25,238.7142857,120.75,1.178571429,0.928571429,0.071428571,0
19.71428571,218.6785714,95.82142857,1.464285714,0.892857143,19.17857143,226.9285714,115.3928571,1.857142857,1.107142857,0,1
20.28571429,235.7142857,114.8571429,1.571428571,1.035714286,20.32142857,233.9642857,99.71428571,1.357142857,0.928571429,0,0
21.57142857,230.8214286,141.3571429,1.142857143,0.75,21.53571429,218.75,111.3214286,1.464285714,0.892857143,0.142857143,1
23.64285714,240.6428571,142.8571429,1.5,1.035714286,22.60714286,267.8928571,104.8928571,1.357142857,1.035714286,0,0
24.82142857,220.5714286,146.6428571,1.857142857,0.928571429,25.39285714,259.1071429,107.9642857,1.214285714,0.821428571,0,0
19.32142857,216.9642857,92.21428571,1,1.142857143,26.78571429,265.8571429,116.5357143,1.321428571,0.892857143,0.071428571,1
24.21428571,280.1785714,96.39285714,1.285714286,0.714285714,26.71428571,254.2857143,140.1785714,1.142857143,0.678571429,0.071428571,1
22.17857143,237.5,102.1785714,1.928571429,0.964285714,20.71428571,229.6071429,130.9285714,1.571428571,1.357142857,0.142857143,1
22.96428571,246.0714286,119.8928571,1.285714286,0.607142857,20.32142857,225.3928571,110.8571429,1.071428571,1.357142857,0,1
22.82142857,223.9642857,119.8214286,1.357142857,0.642857143,21.96428571,267.2857143,100.9285714,1.392857143,1.357142857,0.071428571,0
25.92857143,243.3214286,125.6071429,1.535714286,0.785714286,20.82142857,229.5,112.6071429,1.25,1.714285714,0.142857143,0
27.5,420.5,77.5,1,0.5,35,310.5,101,1,0,1,0
20,202,75.5,2.5,1.5,26,210.5,117,1.5,0.5,0,1
10.5,271.5,54.5,2.5,2,25.5,199.5,166.5,1,0,1,1
20.5,299,44,2,1,20,258.5,113.5,2.5,0.5,0,1
23,369,95.5,2,0.5,36,312,95.5,1.5,0.5,1,1
34,256.5,144.5,2.5,1,13.5,192.5,82,3,1,1,1
17,185,101.5,2.5,0,25.5,216.5,125,1,1.5,1,0
30.5,256,100.5,2.5,1,15,112,149,2,0.5,0,1
24.5,363.5,74,0.5,0.5,21,288.5,87,1.5,0.5,0,1
22,172,142.5,2,1,22,300.5,66.5,2.5,1.5,1,0
30,229.5,65,2,0.5,20.5,269.5,64,3,1,-1,0
27.5,278,132.5,0,1,24,375.5,87.5,1,1.5,1,1
15.5,306.5,81,2,0.5,36,368.5,136.5,0.5,1.5,0,0
18.5,258.5,60.5,2.5,1,25,139,164.5,2,0,-1,1
12.5,264,132,2,0.5,30.5,249.5,162,2,0.5,0,1
22.5,227.5,155.5,1,0.5,20.5,257,114,1.5,0,1,1
22.5,324.75,72.25,0.5,1.75,19.25,225.75,124.5,1.25,1,0,1
21.25,264.5,94.75,0.75,0.5,18.25,217.75,94.25,2.5,0.75,0.5,1
21,264,104,1.75,0.25,28,251.5,117,1,0.5,0,1
26.25,292.75,108.25,1.25,0.5,20.75,237.5,124.75,1.25,0.75,0.5,1
23.25,283.5,80,2,0.75,24.5,177.75,93.25,1,0.5,1,0
31,316.5,145.5,1,1.25,28.75,345.5,109.75,0.75,0.75,0,1
26.5,284.25,125.5,2.25,0.25,22.5,223.75,121.5,0.75,1,0.5,0
15,166.5,138,2.25,1.25,30.75,301.25,99.25,1.5,1.25,0,0
21.25,220.25,124.25,1.5,1.5,29.25,271.25,101.75,1.75,1.25,1,1
33.5,310.75,106.75,1.25,1.5,15.5,178.5,128,1.25,1.25,0,1
15.5,294.5,88.25,2.5,1,26.75,207.75,142.5,0.75,0.75,0,0
25,351.75,75,2.25,1,28.5,302.25,113.75,1,0.25,0,0
15,267.25,85.25,0.75,1,26.5,249.25,100.25,1.5,0.25,0.5,1
26.25,283.75,95.5,2.5,1,23.5,261.75,140,2,1,0,1
15.25,192.75,93.5,1,0.25,23,256,115.75,2.25,1.25,0,0
21.5,323.25,69.25,2.5,1.25,25.25,277.5,91.25,1,1,1,1
14.83333333,246.6666667,103,3,0.666666667,27,274.1666667,139,1,0.666666667,0,0
16.83333333,230.6666667,90.33333333,1.333333333,1.333333333,28.16666667,212.3333333,141,1.166666667,0.833333333,0.333333333,1
19.16666667,273.1666667,95.5,3.333333333,1.333333333,28,294.8333333,69.83333333,1.666666667,0.833333333,0,0
17.33333333,196.5,87.66666667,1.5,1,19.83333333,258.5,90.16666667,1.5,0.666666667,0,0
21.66666667,248.5,106.1666667,1,1.333333333,27.83333333,241.6666667,121.5,1.166666667,0.833333333,0.333333333,1
21.66666667,249.6666667,122.3333333,2.333333333,1.5,24.5,193.6666667,100.5,1,0.5,0.333333333,0
19.5,225.6666667,112.5,1.666666667,1,27.66666667,277,91.66666667,0.666666667,0.833333333,0.333333333,0
24.16666667,226.5,118.6666667,0.333333333,0.5,19,282.3333333,95.66666667,1.666666667,1.166666667,0,1
21.33333333,269,85.33333333,2.666666667,0.666666667,21.5,316.3333333,96.66666667,1,1,0,1
17.83333333,222.1666667,92.16666667,1.666666667,1,21.16666667,255.5,96.16666667,1.333333333,1,0,0
19.83333333,276.5,98.66666667,2.666666667,1,21.16666667,271.5,110.6666667,0.333333333,1,0,0
23.83333333,322.6666667,101,0.833333333,1.333333333,20.33333333,246.5,120.5,0.833333333,0.833333333,0,1
28.5,291.1666667,138.3333333,1,1,31,377.3333333,111.5,0.833333333,1.333333333,0,0
26.83333333,277.5,104.5,1.333333333,0.166666667,22,304.1666667,65.5,1.833333333,1.333333333,0.333333333,1
24.33333333,236.5,132.1666667,1.333333333,1.166666667,20.5,281.6666667,83,1.666666667,1.5,0.333333333,1
24,247.3333333,102.6666667,1.833333333,1.166666667,17.66666667,234,102,2.166666667,0.5,0,1
15,257.25,90.75,1.375,1.25,20,228.25,93.125,0.75,0.375,0.25,1
14.125,178.625,106.75,1.75,0.875,20.625,239.25,111.125,0.625,1.125,0,0
27.5,265.5,142.25,0.875,0.75,22.625,233.875,143.75,1,0.875,0,0
23.625,227.5,106.5,1.375,0.75,19.625,221.25,121.875,1.625,1,0,0
23.375,313.875,99.625,0.75,0.875,28.625,283.5,131.375,1.375,0.75,0,0
29.25,248.625,138.25,0.625,0.75,24.625,281.875,146.5,1.625,1.625,0,1
24.875,255.75,96.25,0.875,0.5,18.125,241.25,92,1.75,1,0.25,0
20.5,235.625,131.25,0.875,0.75,22.75,283.125,92.875,1.5,0.875,0,1
21.375,242.375,97.125,1.875,0.375,19.875,272.25,95.5,1.625,1.25,0.25,1
28.75,290.625,126.625,0.75,1.375,24.75,314,89.875,1.625,1.5,0.25,1
20.75,222.125,94.125,1,1.25,25.25,305.25,102.375,1.5,1,0.25,0
23.375,320.125,85.375,1.25,1.5,31.625,306.25,103.375,1.125,1.125,0.25,0
29.125,313.125,99.375,1.5,0.75,21.25,237.625,104.625,2,1.375,0.5,1
24.6,247.8,126.4,1.3,0.8,18.1,212.8,85.3,1.6,0.2,0.2,1
23.6,251.9,117,1.2,0.9,24.6,313.1,102.9,1,1.2,0.2,1
21.7,255.7,105.4,0.8,1.2,14.8,177.8,114.7,1.5,0.7,0.2,1
24.7,292.8,111.1,1.1,1.7,28.7,263.2,130.2,1.4,1,0.2,1
31.425,289.85,139.375,1.275,0.675,16.85,268.05,84.15,2.1,1.125,0.35,1
23.7,286,86.1,1.7,1.2,23.1,219,116,1.5,0.8,0.2,0
23.575,237.825,133.475,1.025,0.925,20.375,261.55,125.05,2.75,1.275,-0.1,0
25.225,216.675,143.15,1.125,0.775,22.55,280.9,104.275,1.35,0.875,0.35,1
24.375,234.925,114.775,1.5,0.875,19.825,253.075,102.65,1.675,1.25,0.1,1
21.2,251.9,109.2,1,0.9,28.2,311.8,119.4,1.3,0.7,-0.2,1
29.125,312.9,95.175,0.6,1.1,24.275,337.3,96.575,1.9,1.575,0.1,1
21.3,267.9,88.9,1.2,1,23.3,232.8,147.8,1.2,0.6,0,1
25.1,275.1,91.85,1.15,0.75,21.125,238.675,125.025,1.2,1.325,0.1,1
20.83333333,261.2333333,86.8,1,0.9,21.15,248.6833333,115.5833333,0.916666667,1.016666667,0.1,0
21.5,264.5,119.6,1.6,1,23.3,252.3,104.3,1.1,0.9,0.2,0
22.98333333,208.8333333,97.21666667,1.016666667,0.916666667,22.91666667,261.6833333,127.4,1.9,1.45,0.1,1
21.3,259.9,89.7,1.4,0.8,21.1,218.7,106.4,1.5,0.8,-0.2,1
19.38333333,271.4166667,113.1666667,1.816666667,1.25,23.18333333,239.9,125.0666667,1.366666667,1.15,0.1,1
20.41666667,269,116.8333333,1,0.833333333,24.25,267.3333333,109.4166667,1.75,0.75,0,0
27.08333333,292.9166667,94.16666667,1.5,1.083333333,20.75,231.6666667,119.75,1.083333333,1.166666667,0,0
18.1,217.3833333,107.9166667,1.45,0.783333333,22.01666667,272.7333333,120.5666667,0.983333333,0.9,0.1,0
19.58333333,253.8333333,112.5,1.083333333,1.083333333,28.5,314.5,90.5,0.833333333,0.833333333,0,0
25.2,293.5,123.3,2,1.2,17,249.1,83.6,2,0.8,0.2,1
28.33333333,236.25,139.8,1.166666667,0.833333333,20.2,244,120.2833333,1.283333333,0.916666667,-0.1,0
28.33333333,312.9166667,122.25,1,0.916666667,21.25,244.9166667,96.58333333,1.083333333,0.416666667,0.166666667,1
13.1,193.55,99.63333333,2.3,1.1,25.8,238.8833333,118.3,1.15,0.9,0.1,1
15.95238095,241.452381,104.3571429,1.833333333,0.535714286,31.32142857,295.5952381,154.9880952,0.952380952,0.904761905,-0.071428571,1
25.66666667,262.5,110.5833333,1.25,0.75,16.58333333,234.25,91.91666667,2.416666667,1.166666667,0,1
25.4047619,265.2142857,107.5952381,1.154761905,0.714285714,19.17857143,220.2142857,109.3214286,1.130952381,0.714285714,-0.071428571,1
25,283.6666667,104.3333333,1,0.583333333,19.75,256.5833333,119.9166667,2.083333333,1.166666667,0,1
22.92857143,240.2142857,121.6428571,0.714285714,0.857142857,15.35714286,185.5714286,111.6428571,1.714285714,1,0.142857143,1
24.57142857,298.2142857,108,0.928571429,1.071428571,23.64285714,214.5,143.2142857,1.071428571,0.571428571,0,0
25.33333333,242.3333333,129.25,1.416666667,1,21.91666667,271.8333333,121.25,1.166666667,1.833333333,0,1
20.03571429,211.0833333,121.8809524,1.392857143,1.297619048,26.77380952,272.1547619,105.6071429,1.535714286,0.535714286,0.071428571,0
23.91666667,187.3333333,125.5,1.5,0.5,16.16666667,255.5,82.91666667,1.666666667,1,0.166666667,1
22.03571429,307.6190476,109.6785714,0.916666667,1.095238095,24.13095238,274.3214286,115.5714286,0.464285714,0.80952381,0.071428571,1
17.33333333,206.25,85,1.75,0.666666667,22.08333333,248.4166667,105,1.083333333,0.916666667,0.166666667,0
22.75,264.0833333,119.8333333,1.5,1.5,24.5,270.4166667,121.75,1.666666667,1.25,0.166666667,1
20.08333333,185.3333333,125.5,0.75,1.083333333,24.25,263.9166667,121.9166667,1.333333333,1.666666667,0.166666667,1
19.20535714,241.0803571,100.2767857,1.473214286,0.955357143,27.03571429,254.7142857,128.3571429,0.785714286,0.758928571,0.053571429,0
22.71428571,270.8571429,108.7857143,1.571428571,1.214285714,19.35714286,242.9285714,85.78571429,1.428571429,1,0,1
25.92857143,229.6428571,133.7142857,1.071428571,1.357142857,22.78571429,249.0714286,106.2142857,1.285714286,1.428571429,0,0
15.92857143,261.8571429,84.35714286,1.928571429,1.5,23.28571429,213.9285714,129,1.785714286,0.571428571,0.142857143,0
28.32142857,311.4821429,120.4017857,1.035714286,1.125,21.16964286,244.6339286,112.1339286,0.991071429,0.964285714,0.339285714,1
21,238.7142857,117.0714286,1.142857143,0.785714286,19.78571429,242.5,119.5,1.5,1.5,0,0
22.875,225.2321429,134.5803571,1.223214286,0.598214286,16.70535714,218.7589286,92.47321429,1.491071429,0.982142857,0.071428571,1
25.71428571,239.7857143,138.5,1.357142857,0.928571429,22.21428571,239,121.3571429,1.5,1.071428571,0,0
18.71428571,239,77.14285714,1.428571429,0.642857143,22.57142857,233.7857143,116.3571429,0.785714286,1.071428571,-0.142857143,0
23.92857143,244.3571429,132.5714286,1.5,1.071428571,19.28571429,260,109.5,1.714285714,0.571428571,0.142857143,1
21.57142857,301.7142857,109.0714286,1.428571429,1.714285714,27.78571429,267.9285714,108.7857143,0.642857143,0.857142857,0,0
26.14285714,295.8571429,121.2857143,1.285714286,1.142857143,23.85714286,320.1428571,93.28571429,0.928571429,1,0.142857143,0
18.85714286,246.0892857,102.2589286,1.785714286,0.9375,21.90178571,219.7589286,103.0625,1.178571429,0.553571429,0.071428571,0
23.5,284.1428571,144.2857143,1.428571429,1.357142857,23,236.2142857,116.5,1.142857143,1,0.142857143,0
25.9375,284.25,125.875,1.3125,1.3125,24.25,215,135.9375,1,1.3125,0.125,0
17.90972222,225.9583333,94.78472222,1.118055556,1.236111111,25.36111111,262.7777778,143.7430556,1.076388889,0.833333333,-0.069444444,0
24.9375,281.125,145,1.1875,1.125,21.5,235.1875,109.9375,1.5,1.0625,0,0
22.0625,281.0625,120.75,1.5,1.5,24.8125,244.9375,118.6875,0.9375,1.25,0.125,1
17.29861111,203.5486111,105,1.104166667,0.770833333,21.84722222,206.1458333,132.5555556,1.506944444,0.722222222,0.055555556,0
21.1875,212.5833333,99.84027778,0.708333333,0.548611111,19.63888889,265.3888889,97.41666667,1.5,0.631944444,0.180555556,0
23.20138889,245.1527778,119.3333333,0.916666667,0.784722222,26.56944444,295.5763889,111.25,0.972222222,1.236111111,0.069444444,0
18.5,231.9375,119.125,1.75,0.875,18.5,263.625,100.25,1.4375,0.9375,0.125,1
22.1875,239.1875,119.375,1.375,0.9375,23.25,223.75,133.875,1.5,1.3125,0,0
20.625,229.9375,117.875,1.5,0.75,16.875,202.6875,127.6875,1.8125,0.5625,0,0
22.25,269.5,128.1875,1,1.0625,22.6875,245.0625,101.625,1.375,0.625,0,0
15.75,223.3125,87.5,1.8125,1.125,24.5625,254.75,106.1875,1.5,0.875,0.125,1
24.375,226.5625,132.375,1.625,0.75,19.75,285.0625,79.75,1.875,1,0,1
21.6875,225.9375,129.25,1.6875,1.0625,25.8125,277.75,102.625,1.25,0.8125,0,1
23.9375,273.75,99.4375,1.4375,1.0625,24.0625,273.125,117.3125,1.25,1.4375,0,0
29.625,311.3125,99.375,0.9375,0.625,21.9375,256.5625,125.1875,1.0625,1.25,0.125,1
21.55555556,198.8888889,137.1111111,1.611111111,1.166666667,24.94444444,246,107.8333333,1.555555556,0.833333333,0.111111111,1
21.61111111,245.3333333,92.88888889,1.833333333,0.611111111,20.22222222,216.3333333,97.5,1.444444444,0.944444444,0,1
20.88888889,248.2777778,119.8333333,1.333333333,1.333333333,22.61111111,251.0555556,120.0555556,0.833333333,0.944444444,0.111111111,1
30.72222222,298.0555556,120.5,1.055555556,0.666666667,19,272.3888889,98.83333333,1.222222222,1.666666667,0.222222222,1
27.16666667,258.6111111,115.5555556,1.444444444,0.722222222,20.77777778,246.2777778,131.1111111,1.555555556,1.166666667,0.222222222,1
16.5,213.2222222,97.05555556,1.388888889,0.833333333,16.55555556,157.3888889,132.1111111,1.611111111,0.833333333,-0.111111111,1
17.66666667,241.1111111,96.33333333,1.388888889,1.555555556,22.27777778,260.9444444,122.9444444,2,0.888888889,0.111111111,0
22.88888889,229.0555556,138.8333333,0.944444444,0.722222222,25.11111111,264.6111111,125.0555556,1.444444444,1.111111111,0.111111111,0
24.77777778,233.2222222,127,0.944444444,0.611111111,17.83333333,264.4444444,84.11111111,2,1.277777778,-0.111111111,1
17.5,236.6666667,110.1111111,1.666666667,0.777777778,20.38888889,233.5555556,121.1111111,1.277777778,0.888888889,0,0
21.33333333,246.6666667,123.1666667,0.833333333,1.055555556,21.22222222,257,85.83333333,1.222222222,0.944444444,0.111111111,1
25.83333333,219.8888889,123.7222222,1.166666667,0.833333333,22.38888889,294.6666667,107.3333333,1.555555556,1.555555556,0,1
23.38888889,267.5555556,104.6111111,1,1,23.94444444,259.1666667,146.5555556,1.666666667,1.388888889,0.111111111,0
26.5,287,119.9444444,0.944444444,1.277777778,18.94444444,259.5,113.7777778,1.166666667,1.166666667,0.111111111,1
25.65,296.65,101.8,1.35,1.45,28.7,265.7,118.15,1.35,1,0,0
21.8,277.25,110.25,1.5,0.75,19.95,230.7,106.85,1.4,1.15,0,1
20.05,261.75,86.75,2.2,1.15,21.6,216,113.7,1.55,0.75,0.1,1
17.8,244.05,116.9,1.4,0.75,21.85,238.2,120.8,1.65,1.1,-0.1,0
23.55,263.3,105.4,1.15,0.85,18.85,248.85,111.95,1.1,1.2,0.1,1
24.05,246.75,109.5,1.5,1.25,22.7,219.55,121.25,1.3,1.4,0,1
21.45,205.75,122.7,1,0.9,17,228,90.85,1.75,0.6,0.2,1
25.3,271.95,110.65,1.05,0.8,20.65,231.3,114.25,1.15,0.95,0,1
14.55,171.8,105.7,1.5,1.15,22.65,226.7,134.65,0.8,0.8,0.1,0
20.85,218.35,119.55,1.35,0.75,26.25,271.5,137.15,0.95,0.95,0.1,0
22.1,255.9,129,1.4,1.45,26.1,244.15,124.2,1.4,0.9,0.1,1
18.65,233.4,106.2,1.75,0.95,18.45,247.95,92,1.45,1.3,0.1,0
24.15,281.1,108.25,1.65,1.2,23.2,194.95,139.6,1,0.9,0,0
22,284.95,136.65,1.15,1.6,25.3,282.9,110.95,0.9,1.05,0,0
16.15,198.75,110.7,0.9,0.8,23.6,264.65,123.05,1,1.1,0,0
27.05,297.45,120.25,1,1.25,22.8,275.65,102.35,1.2,0.7,0.1,1
19.81818182,235.0454545,104,1.090909091,1.090909091,22.22727273,260.6363636,130.1363636,1.272727273,1.363636364,0.090909091,1
21.5,236.4090909,123.0454545,1.136363636,1.136363636,23.04545455,247.7727273,106.2272727,1.136363636,1.181818182,0.090909091,0
22.90909091,245.6363636,119.5454545,1.409090909,1.136363636,24.68181818,273.1818182,137.5,1.272727273,1.136363636,0,0
20.36363636,256.7272727,101.1818182,1.363636364,0.727272727,20.31818182,216.0454545,102.3636364,0.681818182,0.863636364,0,1
29.90909091,290,130.5,0.772727273,0.681818182,16.95454545,258.4090909,100.6818182,1.090909091,1.181818182,0.090909091,1
25.13636364,233.3636364,127.7727273,1.272727273,1.090909091,17.5,240.8636364,110,1.227272727,1.409090909,0,0
19.27272727,235.2272727,100.2272727,1.5,1.409090909,21.72727273,229.5909091,109.1363636,1.863636364,0.863636364,0.090909091,0
22.09090909,240.5909091,122.7272727,1.363636364,1.045454545,21.18181818,248.2727273,123.3181818,1.227272727,1.045454545,0.090909091,1
23.63636364,247.1363636,117.5909091,1,0.772727273,19.90909091,229.6363636,105.1363636,1,1.136363636,0.090909091,1
21.54545455,225.1818182,128.2272727,1.181818182,0.681818182,23.45454545,223.0454545,129.6818182,1.5,0.636363636,0,0
15.77272727,217.3181818,94.13636364,1.772727273,0.909090909,22.18181818,217.8181818,118.7727273,1.545454545,0.636363636,0,0
24.18181818,209.1363636,143.8636364,1.272727273,0.681818182,13.68181818,235.5454545,90.13636364,2.136363636,0.954545455,0,1
21.77272727,304.1363636,93.90909091,1.227272727,1.454545455,29.95454545,295.8181818,113.8181818,1.227272727,0.863636364,0,0
19.90909091,238.9545455,104.8181818,1.636363636,1.363636364,23.90909091,274.4090909,120.9545455,1.181818182,0.909090909,0.181818182,1
27.63636364,277.8636364,126.3636364,1,1.181818182,25.81818182,278.1363636,110.6818182,1.545454545,0.863636364,0.090909091,1
18.77272727,182.7727273,125.3181818,1.181818182,0.909090909,20.40909091,245.1363636,109.5,1.363636364,1.227272727,0.090909091,0
21.16666667,229.4166667,131.5416667,1.041666667,0.666666667,15.41666667,201.3333333,95.29166667,1.041666667,0.708333333,0.083333333,1
18.95833333,216.0416667,99.375,0.916666667,1.25,23.33333333,229.1666667,124.4583333,1.291666667,0.5,0.083333333,0
27.25,247.4166667,129.5,1.291666667,0.541666667,15.25,214.25,93.875,1.583333333,1,0,1
23.25,223.8333333,115.375,1.458333333,1.166666667,17.625,204.125,116.7916667,1.416666667,1.208333333,0,1
18.70833333,288.5833333,94.79166667,1.25,1.5,25.75,275.7916667,111.875,1.291666667,0.75,0,0
21.58333333,257.6666667,105.7083333,1.333333333,0.708333333,25.91666667,290.5833333,122.875,0.916666667,0.875,0,0
22,232.5,117,1.25,0.833333333,20.45833333,263.4583333,125.125,1.166666667,1.291666667,0,0
20.04166667,208.75,130.625,1.541666667,0.916666667,19,226.4166667,105.625,1.208333333,1.125,0.083333333,1
27.625,284.9166667,103.3333333,1.458333333,0.833333333,21.79166667,221.375,130.1666667,1.25,1.041666667,0,1
22.25,264.2916667,113.7916667,1.041666667,1.041666667,24.70833333,252.4166667,123.125,0.958333333,0.916666667,0,0
20.75,222.1666667,129.375,1.5,1,24.29166667,245.0833333,120.3333333,1.416666667,0.916666667,0.166666667,1
16.375,240.1666667,90.33333333,1.875,1.333333333,23.20833333,235.3333333,124.7083333,0.958333333,0.583333333,0.166666667,1
24.625,267.7916667,120.7083333,1.291666667,1.375,23.625,224.6666667,126.0833333,0.916666667,1.083333333,0,1
30.33333333,285.9166667,118.9583333,0.958333333,0.833333333,22.33333333,272.125,122.8333333,1.166666667,1.625,0.083333333,1
24.91666667,282.3333333,120.9166667,1.458333333,1.083333333,22.125,277.7916667,92.125,1.291666667,1.041666667,0,0
21.33333333,222.1666667,130.9166667,1.416666667,0.958333333,16.08333333,229.2916667,101.0416667,1.625,0.958333333,0,1
21.23076923,235.9230769,111.5384615,1.076923077,0.961538462,17.69230769,206.6923077,107.2307692,1.384615385,1,0.076923077,1
19.73076923,250.1538462,100.8461538,1.5,1.346153846,26.42307692,273,128.1923077,1.461538462,0.923076923,0,0
16.26923077,219.9230769,99.88461538,1.846153846,0.576923077,23.5,226.5384615,132.1538462,1.192307692,0.884615385,0,0
20.53846154,246.2692308,104.2692308,1.038461538,1.076923077,22.96153846,229,124.1923077,1.346153846,1,0.076923077,0
23.61538462,275.5769231,99.69230769,1.423076923,0.807692308,22.23076923,269.9230769,110.8846154,1.5,1.346153846,0.076923077,0
17.34615385,247.5384615,111.1923077,1.192307692,1.653846154,29.65384615,270.6923077,116.0384615,1,0.923076923,0,1
26.34615385,243,140.4230769,1.153846154,0.653846154,20.03846154,239.2692308,115.2692308,1.038461538,1.269230769,0.076923077,0
16.73076923,227.0769231,108.5,1.423076923,0.846153846,24.92307692,246.3076923,119.1153846,0.961538462,0.615384615,0.076923077,1
21.53846154,230.6923077,113.3846154,1.307692308,1.153846154,19.26923077,244.8846154,104.4615385,1.423076923,1.153846154,0,0
21.53846154,248.3076923,127.9615385,1.346153846,0.769230769,29.96153846,303.1538462,112,0.884615385,0.653846154,0,0
22.88461538,232.8461538,137.4230769,1.461538462,1.461538462,27.73076923,271.0769231,120.7307692,1.076923077,1.115384615,0.076923077,0
19.5,214.0384615,127.8076923,1.5,0.961538462,17.92307692,236.4615385,105.5769231,1.153846154,0.769230769,0.076923077,1
21.80769231,236.6923077,129.0769231,1.384615385,1.461538462,23.80769231,229.1153846,110,1.423076923,0.884615385,0.076923077,1
20.88461538,248.6153846,131.7692308,1.346153846,1.038461538,26.84615385,290.9230769,114.6153846,1,0.769230769,0,0
20.23076923,251,100.5,1.692307692,1.192307692,23.80769231,225.6538462,123.0769231,1.192307692,0.884615385,0,1
19.42307692,197.1538462,111.9615385,0.846153846,0.576923077,17.84615385,262.8076923,92.53846154,1.5,1.115384615,0,1
15.96428571,196.2857143,99.92857143,1.25,1.035714286,26.35714286,246.6428571,145.25,1.035714286,0.607142857,0,1
23.35714286,248.75,121.7857143,1.178571429,1.071428571,23.67857143,208.6428571,151.2857143,1.571428571,0.892857143,0,1
22.53571429,251.1071429,132.8928571,1.321428571,0.892857143,13.71428571,201.9285714,98.32142857,1.25,0.642857143,0,1
20.42857143,228.7857143,101.1785714,1.178571429,0.892857143,17.32142857,199.0357143,123.3928571,1.607142857,0.857142857,0,1
25.21428571,295.5,99.60714286,0.928571429,0.857142857,20.82142857,264.2142857,122.5357143,1.428571429,1,0.071428571,1
21.78571429,240.8928571,112.5357143,0.928571429,0.821428571,19.85714286,236.4642857,101.0714286,1.678571429,0.928571429,0.071428571,1
21.71428571,220.4285714,130.3214286,1.428571429,0.678571429,15.39285714,215.25,92.92857143,1.642857143,0.892857143,0,1
25.64285714,246.6428571,115.8571429,1.5,1.071428571,23.17857143,264.8571429,99.5,1.464285714,1.107142857,0,0
20.5,230.7142857,126.5,1.035714286,1.107142857,22.71428571,234.8214286,134.3214286,1.178571429,1.321428571,0,0
26.5,263.3571429,141.0714286,1.142857143,1.035714286,21.96428571,240.2142857,113.9285714,1.464285714,1.142857143,0.071428571,1
23.5,265.5357143,100.7857143,1.571428571,1,21.21428571,221.1428571,127.3571429,1.428571429,0.928571429,0,0
25.28571429,255.9285714,111.7142857,0.964285714,1.071428571,24.64285714,262.0714286,126.5714286,1.571428571,1.25,0.071428571,1
23.53571429,259.1785714,116.6785714,1.392857143,0.892857143,22.78571429,255.6428571,123.9285714,1.357142857,1.392857143,0,0
16.75,237.4285714,87.67857143,1.75,1.214285714,21.42857143,217.3928571,115.6428571,1,0.928571429,0.071428571,0
27.60714286,291.4285714,99.21428571,1.214285714,0.857142857,21.85714286,256.0714286,115.75,1.25,1.571428571,0.142857143,1
26.35714286,293.75,111,0.785714286,0.892857143,23.10714286,270.5357143,110.25,1,0.714285714,0.071428571,1
21.5,306,54,1.5,2,35.5,272,150,0.5,0.5,0,1
34,247,139.5,1,1.5,36,262,135,1.5,1.5,1,1
25,194.5,138.5,1,0.5,16.5,243.5,31.5,1.5,1,1,0
16,225,54,1.5,1.5,22,281.5,64,2,0,1,1
15,269,139.5,2.5,2.5,30,223.5,110.5,1.5,2,1,1
25,311.5,81.5,2.5,1,24,238.5,81,0.5,1,1,1
15,269,139.5,2.5,2.5,30,223.5,110.5,1.5,2,1,1
13.5,258,46,1.5,1,20,222.5,136.5,0,0.5,0,1
16.5,239.5,94.5,3,1.5,28,268,103,0.5,0,1,0
22,284.5,88,2.5,1.5,33.5,301.5,118.5,0.5,0.5,1,1
27.5,268.5,54.5,1.5,1,33.5,337.5,118,1.5,1.5,0,1
16.5,183,98.5,1.5,0.5,22,261,93,1,1,0,1
28,233.5,97,0,0,13.5,284.5,32.5,2.5,0.5,1,1
23.5,220,135,1,2,39.5,259.5,106,1.5,0.5,1,1
26.5,204.5,131.5,1.5,0,24.5,329,64,0.5,2,1,1
29.5,272,79.5,1,0.5,27.5,255.5,123,1,1,1,1
25.75,276.5,112.75,1,1.25,25.25,296.5,117.25,0.75,1.25,0.5,0
27,251.75,124.25,2,1.5,28.5,252,156.5,1.25,2,0,0
33.5,285.25,120,1,1,29,283,168.5,2,0.75,0,0
34.75,294.25,145.25,1.25,0.25,27.5,297,98,1.5,1.25,0.5,0
18.25,217.5,70.75,1.25,0.5,29.5,276.25,118.75,0.75,1.25,0,1
25,222.25,150,1,1.5,25.25,260.75,78.5,1,0.5,0,0
24.25,249.5,121.5,1,0.75,22.75,228.5,96.75,1.5,0.25,0,0
26.5,255,116.75,0,2.25,24.5,265.75,99.25,2.25,1.25,0,1
21.75,262,86.25,1,0.5,25.75,230.25,132.75,1.5,0,0,1
20.5,342.75,74,1.75,1.75,23.5,186.25,118.25,0.5,0.5,0.5,1
26.25,253.5,112.5,1.25,1.5,22.75,247.25,58.5,1.5,0.25,0,0
19.75,176.25,88.75,1.75,1.5,18.75,289.25,121,1.75,2,0,1
17,265.25,63,1.75,0.25,25.75,237.75,109,0.25,0.25,0,1
17.25,197.25,88.25,1.5,1.5,25.75,231.25,110.25,0.75,0.25,0,0
25,243.25,88.75,1.25,0.5,22.25,286,127.5,1,1,0,1
20.75,160.25,144.25,0.75,1.25,18,253.75,60.75,2.25,1,0.5,1
28.83333333,297.6666667,120.3333333,1.166666667,1.166666667,20.66666667,267.3333333,99.5,1.666666667,1.5,0,1
16.5,224.8333333,77.16666667,2.166666667,0.833333333,22.5,196.3333333,131,0.333333333,1,0.333333333,1
25.16666667,229.1666667,129.5,1.166666667,0.833333333,26.83333333,281.8333333,105,1.333333333,0.833333333,0,0
28.83333333,258,114.6666667,0.666666667,0.5,16.66666667,252.6666667,112.5,1.5,2,0.333333333,1
24.33333333,240.1666667,95.66666667,1.333333333,0.833333333,24.16666667,217.8333333,144.8333333,1.166666667,0.833333333,0,0
19.83333333,258.8333333,129.5,1.666666667,1,27,234.1666667,110.6666667,1.166666667,0.666666667,0.333333333,0
33.5,286.8333333,150.3333333,1,0.333333333,18.16666667,241.5,52.83333333,1.333333333,0.833333333,0.333333333,1
24.33333333,287.1666667,98.66666667,1,0.833333333,27.33333333,252.5,108,2,0,0.333333333,0
25.66666667,227.1666667,136.1666667,1.833333333,0,25.83333333,286.3333333,127.5,0.833333333,0.666666667,0,0
27.5,273.1666667,103.3333333,1.166666667,0.5,23,272.1666667,80.16666667,1.333333333,0.666666667,0,1
22.16666667,253.6666667,73.83333333,1,0.666666667,17.5,216.8333333,140.3333333,1.5,1,0,1
26.83333333,256.8333333,93.33333333,1.5,1.166666667,27.66666667,307.1666667,112.1666667,1.833333333,1.166666667,0,0
26.5,265.5,146.6666667,1.833333333,0.5,22.83333333,228.5,114.1666667,0.5,1.5,0,1
18.66666667,290.5,112.3333333,1.833333333,2,26.66666667,264.5,101.6666667,1,1.333333333,0.333333333,1
16.16666667,258,76.33333333,1.666666667,1.5,21.33333333,186,108.3333333,0.666666667,1.166666667,0.333333333,0
17.5,250,95.75,1.5,1,22.75,225.625,101.625,1,1.375,0.25,1
23.20833333,260.7916667,78.25,1.333333333,0.916666667,20.75,243.25,123.375,1.458333333,0.916666667,0.166666667,1
26.125,315.375,103.375,1,1.25,19.625,259.5,97.25,1.25,1.625,0,1
21.375,288.125,133.5,2,1.375,32.125,278.125,115.875,0.875,0.625,0.25,0
25.25,306.625,83.375,1.375,1.125,24.75,263,141.625,1.5,0.875,0.25,0
20.29166667,255.125,101.6666667,0.458333333,1.166666667,24.45833333,258.5416667,107.7916667,1.416666667,0.541666667,0.083333333,1
24.875,244.625,158.625,1.75,1,30.875,313.875,93.375,0.875,0.875,0.25,0
17.25,246.375,92.375,2,1,22.375,214.75,142.75,0.5,0.875,0,0
16.25,222.5,87.625,1.625,1.5,25.625,242.375,125.625,0.625,1,0,0
30.125,249.5,129.625,1.25,0.125,19.125,253,77,1.375,0.625,0,1
29.375,241,152.25,2.125,0.625,22.5,221.75,118.75,1.625,1.25,0.25,1
27.125,272.875,115.75,1,0.375,25.75,288.25,97.125,1.375,1.125,0.5,1
22.625,293.375,80,1.25,1.25,28.75,254.625,143.375,1.75,0.75,0,1
17.125,205,88,1.75,1.125,29.375,220.25,154.875,0.75,0.625,0,0
19.925,221.975,80.325,1.45,0.625,29.725,283.5,111.85,1.4,0.425,0.1,1
24.75,210.05,106,1,0.8,20.775,295.575,127.275,2.05,1.65,0.1,1
19.7,246.2,126.4,0.9,1.4,19.9,252.7,78,1.3,1.2,0.2,1
30.425,294.825,111.65,0.925,0.3,17.675,244.025,101.775,1.45,1.15,0.1,1
22.9,256.9,98,1.5,1,26.4,287.6,123.2,1.2,1.3,0,1
24,242.225,112.8,1.025,0.525,17.025,291.725,93.075,1.9,1.6,-0.1,1
23.55,226.2,109.375,1.4,0.85,24.575,252.8,134.95,0.775,1.125,0.15,1
22.25,246.225,117.475,2.05,0.6,22.4,279.35,94.025,0.95,1.1,0.1,0
19.9,229.6,111.2,1.3,1.2,23.5,250.3,116,1.7,0.4,0,1
27,264.4,117.6,2,0.7,19.6,231.5,123.6,1.4,1.3,-0.2,0
26,246.4,153.8,1.3,0.9,22,255.2,100.8,1.3,0.9,0.2,0
21.9,251.3,120.6,1.5,0.5,26.7,277.6,110.5,1.2,0.8,0.2,1
26,243.7,128.6,0.4,0.7,18.5,237.4,91.3,1.5,1.1,0.2,0
23.8,243,111.8,1.4,0.7,23.7,286.6,87.6,1.7,0.9,0.2,0
20.41666667,235.3333333,123.4166667,1.666666667,0.75,17,189.1666667,111.8333333,1.166666667,0.833333333,0,1
20.41666667,239.0833333,108,0.916666667,1.083333333,22.08333333,253.5,100.5833333,0.666666667,1,0,0
28.41666667,250.25,138.5833333,1,1.083333333,25.5,264,121.8333333,1.666666667,1,0.166666667,0
27.4,261.2,137.3,1.4,0.8,24.2,331.9,75.1,1,1.4,0,0
24.25,254.0833333,135.3333333,1,1,23,258.8333333,100,1.083333333,0.916666667,0.166666667,1
23.58333333,302.05,108.7666667,1.083333333,1.533333333,25.66666667,233.8833333,121.0833333,1.15,1.033333333,-0.1,1
21.1,218.3,108.8,1.6,0.6,21.9,284.3,113.5,1.1,1.4,-0.2,0
29.25,318.5,106.9166667,1.083333333,1.083333333,24.33333333,258.8333333,136.0833333,1.166666667,1.25,0,1
20.25,237.0833333,120,1.333333333,0.833333333,18.91666667,232.1666667,89.58333333,1.5,0.666666667,0.166666667,1
22.5,274.8,120.7,1.2,0.6,21.3,222.1,105.1,1.3,0.6,0.2,1
27.41666667,261.9166667,151.4166667,1,0.833333333,22.5,244.25,96.91666667,1.833333333,1,0.333333333,1
23.91666667,256.4166667,97.16666667,1.55,0.95,25.18333333,274.7,95.81666667,1.633333333,0.366666667,0.066666667,0
28.6,243.3,110,0.9,0.9,19.7,291,82.8,1,1.8,0,1
23.26190476,271.2380952,104.1428571,1.071428571,1.178571429,21.69047619,248.5238095,101.0595238,1.369047619,0.702380952,0.095238095,0
25.95238095,317.297619,87.72619048,1.321428571,0.964285714,25.35714286,219.7857143,135.1071429,1.595238095,0.607142857,0.095238095,1
25.5,244.25,125.9166667,0.416666667,1,15.33333333,245.0833333,92.33333333,2.083333333,1.666666667,0.166666667,1
18,256.1666667,132.9166667,2,1.5,24.66666667,264,95.5,0.916666667,1.083333333,0,0
18.6547619,274.0952381,92.16666667,1.607142857,0.928571429,20.78571429,202.3571429,120.2738095,1.166666667,0.666666667,0.095238095,1
26.80952381,277.6190476,120.452381,1.095238095,0.619047619,18.4047619,210.8333333,100.4285714,1.035714286,0.892857143,0.071428571,1
21.91666667,267.0238095,75.07142857,1.714285714,1.297619048,25.19047619,268.9761905,117.4404762,1.571428571,1.464285714,0.071428571,1
20.92857143,264,96.07142857,1.785714286,0.928571429,25.57142857,273.1428571,124.0714286,0.642857143,0.785714286,-0.142857143,0
23.80952381,236.1309524,114.9761905,1.130952381,0.595238095,26.75,283.6428571,115.6071429,0.857142857,0.94047619,0.238095238,0
21.10714286,257.5714286,94.29761905,1.773809524,1.083333333,22.14285714,232.3809524,133.3571429,1.25,1,-0.071428571,0
22.91666667,245.4166667,133.0833333,1.583333333,1.166666667,24.66666667,264.4166667,100.9166667,1.583333333,0.666666667,0,0
19.20238095,280.1785714,111.797619,1.535714286,1.607142857,25.72619048,252.2619048,110.6428571,0.857142857,0.666666667,0.238095238,0
29.33333333,310.1666667,127.3333333,1.5,0.583333333,26.16666667,293.0833333,95.66666667,1.166666667,1.083333333,0,1
16,207.7857143,94.07142857,1.428571429,0.785714286,20.21428571,213.2142857,148.7142857,1.285714286,0.928571429,0,0
25.92857143,235.4285714,114.9285714,1.5,1,18.85714286,241.8571429,117.5,2.142857143,1.428571429,0.142857143,1
22.71428571,252.6428571,101.2857143,1.428571429,1.214285714,27.92857143,278.7857143,118.2142857,1.571428571,0.5,0.142857143,0
31.64285714,250.3571429,158.8571429,1.142857143,0.785714286,21.35714286,212,116.6428571,1.357142857,1.357142857,-0.142857143,1
21.875,243.3125,105,0.9375,0.75,18.5625,250.1875,91.4375,1.125,1,0.125,1
18.71428571,290.8571429,94.57142857,1.428571429,1.142857143,22.92857143,226.8571429,126.6428571,1.142857143,0.571428571,-0.142857143,1
21.125,254.3571429,114.3660714,1.464285714,1.125,24.05357143,269.5446429,117.8839286,0.982142857,1.053571429,0.071428571,0
17.26785714,254.0178571,84.55357143,1.758928571,1.517857143,29.27678571,255.0446429,131.625,0.651785714,0.946428571,0.071428571,0
19.78571429,208.0714286,99.57142857,1.5,0.428571429,24.92857143,291.2857143,116.4285714,1.285714286,0.785714286,0,0
25.24107143,243.6339286,140.3392857,1.303571429,0.741071429,23.33035714,287.5982143,103.2767857,1.5,1.196428571,0.196428571,0
20.85714286,297.7142857,85.14285714,1.5,1.071428571,26.5,257.2857143,106.0714286,1.214285714,0.714285714,0.142857143,0
19.1875,213.3125,119.75,1.25,0.75,19.875,230.1875,109.0625,1.4375,0.875,0.25,1
24.91071429,240.2767857,103.0982143,1.017857143,0.714285714,21.99107143,288.6160714,105.1428571,1.580357143,1.214285714,-0.071428571,0
25.92857143,244.7142857,99.85714286,0.785714286,0.642857143,19.07142857,271.0714286,111.2142857,1.714285714,1.642857143,0,1
24.64285714,284.5714286,91.5,1,1.071428571,24,288.7142857,143.9285714,2,0.785714286,0.142857143,1
19.25,211.625,107.375,1.1875,0.4375,23.625,280.4375,121.625,1.1875,0.75,0.125,0
20.25,242.5,110.1875,1.5625,1,25.9375,273.5625,112.9375,1.0625,0.75,0,0
26.75,254.3125,116.1875,1,0.6875,21.6875,276.4375,108.375,1.5625,1.0625,0,1
31.875,282.8125,159.5625,1.1875,0.5625,21.875,251.25,114.6875,1.75,1.1875,0,1
22.5625,281.4375,104.25,1.1875,1.125,28.0625,303.1875,137.5,1.125,0.625,0,1
23.9375,252.0625,107.5,1.6875,0.8125,23.125,281.9375,91.5625,1.625,1.4375,0,1
27.73611111,259.6458333,126.7152778,1.131944444,0.708333333,19.42361111,279.5972222,91.32638889,1.819444444,0.888888889,0.180555556,0
22.09027778,280.0763889,106.9375,1.506944444,1.631944444,27.73611111,265.0625,113.2222222,1.076388889,0.8125,0.055555556,1
23.08333333,214.7083333,125.8472222,1.229166667,0.756944444,22.94444444,279.4791667,110.4791667,1.284722222,0.659722222,-0.180555556,1
21.94444444,199.0694444,140.1319444,1,0.881944444,19.05555556,221.7777778,106.0972222,1.534722222,0.944444444,0.180555556,1
19.625,240.3125,118.8125,1.6875,0.75,20.8125,274.75,98.75,1.5625,1.25,-0.125,0
23.3125,221.625,105.1875,0.9375,1.0625,22.3125,247.6875,113,1.5625,1.375,0.125,0
26.9375,254.5625,115.4375,1.1875,0.625,18.5625,202.125,119.25,1.8125,1.125,0.125,1
22.05555556,259.2777778,118.6666667,1.5,1.055555556,25.44444444,247.0555556,134.5555556,1.333333333,0.833333333,0.111111111,1
21.61111111,226.1111111,128.5555556,1.388888889,0.833333333,21.38888889,229.4444444,110.5,1.166666667,0.944444444,0,0
22.38888889,293.7777778,98.55555556,1.166666667,1,25.61111111,247.8333333,107.9444444,1,0.555555556,0.222222222,0
23.33333333,260.5555556,109.3888889,0.777777778,0.888888889,17.66666667,248.5,103,1.388888889,1.055555556,0.111111111,1
24.83333333,234.7777778,138.6111111,1.5,0.666666667,22.44444444,288.3333333,111.2222222,1.555555556,1.111111111,0.111111111,1
20.94444444,234,133.6666667,1.888888889,1.222222222,26.44444444,246.0555556,108.1111111,1.222222222,0.944444444,0.111111111,0
27.55555556,241.4444444,137.1111111,0.777777778,0.666666667,15,208.8333333,82.16666667,1.444444444,1,0,1
20.66666667,287.2777778,94.61111111,1.5,1.388888889,26.44444444,251.7222222,118.8333333,1.055555556,0.611111111,0,0
22.16666667,279.1111111,108.7777778,1.333333333,1.277777778,20.72222222,229.2777778,97.22222222,1.222222222,0.888888889,0.222222222,1
24.83333333,312.7222222,119.3333333,1.611111111,0.777777778,29.61111111,290.9444444,103.7222222,1.055555556,0.833333333,0.111111111,0
27.77777778,269.7222222,133.1666667,0.833333333,0.388888889,21.5,295.2222222,103.1111111,1.777777778,1.055555556,0.111111111,1
25.66666667,272.2777778,92.55555556,1.722222222,0.777777778,22.11111111,243.1111111,101.9444444,1.555555556,1.222222222,0,1
22.38888889,266.2222222,117.8888889,1.5,0.777777778,23.94444444,221.5,99.72222222,0.888888889,0.666666667,0.111111111,0
19.22222222,225.2222222,131.2777778,1.944444444,1.333333333,20.5,210.9444444,111.1666667,1,0.888888889,0,1
20.8,272.2,92.75,1.4,1.05,26.95,242.5,126.05,0.9,0.75,0.2,0
23.25,300.75,88.85,1.35,1.25,24.05,227.65,135.8,1.4,0.45,0.1,0
21.35,254.7,103.8,2.05,1.1,29.95,254,142.4,1.1,0.55,0,0
23.5,224.45,117.2,1.2,0.85,20.15,219.35,122.85,1.7,1.35,0.1,1
24,241.35,129.7,1.15,0.9,25,315.3,85.5,0.95,1.35,0,0
18.95,204.4,91,1.4,0.85,22.55,260.2,116.05,1.4,0.75,0,1
28.5,262.55,112.7,1.2,0.85,22.25,276.15,99.4,1.65,0.9,0,1
17.4,219.3,100.75,1.4,1,20.15,234.95,119.6,1.4,0.8,0.1,1
18.2,226.75,119.6,1.95,1.35,29.25,261.6,117.25,1.4,0.65,0,0
23.75,249.6,106.15,1.15,0.8,25.4,257.05,122.6,1.45,0.7,0,1
25.45,272.15,131.85,1.35,1,24.5,235.15,130.3,1.2,0.75,-0.1,1
21.9,254.6,116.25,1.7,1.25,24.4,249.55,93.5,1.3,0.8,0.1,0
21.05,253.6,94.5,1.2,0.85,25.9,269.7,161.55,1.35,0.6,0.1,0
20,234.9,98.7,1.15,0.8,18.5,227.15,115.8,1.4,1.15,0.1,0
23.7,265.25,105.45,1.15,1.15,23.95,270.4,106.5,1.45,1.15,0,1
20.25,255.5,120,1.7,1,21.8,238.15,113.1,1.65,0.85,0.1,0
27.18181818,312.2727273,122.4090909,1,0.954545455,23.81818182,270.4090909,107.3181818,0.954545455,1,0.090909091,1
16.36363636,217.7727273,104.4545455,1.5,0.909090909,24.09090909,233.1818182,137.3636364,1.045454545,0.818181818,0,1
25.04545455,248.0454545,138.1363636,1.272727273,0.954545455,23.04545455,236.8181818,114.3181818,1.318181818,0.772727273,0.181818182,1
20.40909091,240.4545455,97.18181818,1.545454545,0.909090909,30.09090909,268.1818182,136.9545455,0.727272727,0.909090909,0.090909091,0
20.68181818,264.6363636,104.8636364,1.909090909,1.181818182,28.77272727,289.2727273,120.2272727,1.136363636,0.5,0,0
23.72727273,251.7272727,106.2272727,1.227272727,0.590909091,22.40909091,231.5909091,125.5,1.318181818,0.954545455,0.090909091,1
21,208.6818182,115.2727273,1.136363636,1.045454545,17.90909091,209.9090909,117.5454545,1.590909091,1.272727273,-0.090909091,0
20.36363636,218.3181818,116.8636364,1.545454545,1.136363636,21.36363636,227.8636364,112.1818182,1.363636364,0.909090909,0,1
19.36363636,221.4090909,135.9090909,1.727272727,1.090909091,23.40909091,240.4090909,117.0454545,1.318181818,0.772727273,0,1
24.54545455,286.5909091,110.8181818,1.136363636,0.681818182,23.18181818,263.9545455,115.3181818,1.318181818,0.909090909,0.090909091,0
26,311.2272727,92.95454545,1.318181818,1.090909091,24.13636364,243,110.2272727,1.272727273,0.909090909,0.090909091,1
22.36363636,241.7727273,107.7727273,1.636363636,1,23.59090909,257.4090909,102.6818182,1.454545455,0.909090909,0.090909091,0
22.40909091,219.4545455,96.54545455,0.954545455,0.590909091,20.45454545,255.3181818,115,1.863636364,0.863636364,0,0
21.18181818,274.0454545,100.5,1.636363636,1.136363636,25.68181818,240.2272727,112.4090909,1.227272727,0.863636364,0.090909091,0
23.81818182,276.0909091,98.09090909,1.454545455,1,20.27272727,239.0909091,119.7727273,1.772727273,0.772727273,0.090909091,1
23.68181818,254.5454545,138.7727273,1.681818182,1.090909091,26.81818182,288.4090909,101.9090909,1.090909091,1.136363636,0.090909091,1
19.95833333,263.9583333,89.625,1.5,1.125,30.20833333,278.9583333,116.8333333,1.208333333,0.708333333,0,0
22.66666667,224.9166667,131.1666667,1.041666667,1.041666667,23.25,236.2083333,127.125,1.5,0.833333333,0.166666667,0
21.29166667,252.75,97.79166667,2.083333333,0.875,20.33333333,212.7083333,94.04166667,1.416666667,0.916666667,0.083333333,0
20.91666667,215.6666667,108.2083333,1.333333333,0.75,23.75,238.0833333,129.5833333,1.541666667,0.958333333,0.083333333,0
26,284.375,117.9166667,1.125,1.083333333,23.08333333,245.4583333,114,1.291666667,0.75,0,1
22.95833333,233.0833333,112.6666667,1.166666667,0.916666667,18.875,234.4166667,131.125,1.833333333,1.25,0.083333333,1
23.08333333,246.0833333,146.4583333,1.541666667,0.791666667,25.16666667,283.2916667,96.95833333,0.916666667,0.916666667,0,1
27.20833333,248.4166667,117.7083333,1.208333333,0.625,20.91666667,282.7916667,107.9583333,1.833333333,1.208333333,0,0
24.875,244.0416667,115.7916667,1.166666667,0.75,22.5,277.4583333,96.33333333,1.541666667,1,0,0
19.33333333,246.9166667,117.0416667,1.25,1.083333333,25.375,268,110.0416667,0.958333333,0.875,0,1
19.16666667,213.2083333,129.2083333,1.708333333,1.291666667,23.58333333,224.3333333,118.9166667,1.208333333,0.833333333,0.083333333,1
22.41666667,246.0416667,129.875,1.333333333,0.625,16.58333333,215.5833333,99.41666667,1.375,0.916666667,0,1
19.83333333,205.9583333,134.9583333,1.125,1.083333333,16.16666667,220.6666667,96.04166667,1.375,0.958333333,0.083333333,1
27,282.6666667,134.3333333,1.083333333,0.791666667,23.5,284.9583333,107,1.291666667,1.416666667,0,1
25.45833333,256.4583333,112.2083333,1.041666667,0.75,23.29166667,289.25,109.375,1.333333333,1.041666667,0,1
27.125,274.5,114.1666667,1.166666667,0.75,25.45833333,274.5416667,121.625,1.75,1,0.083333333,1
20,250.6538462,115.5384615,1.961538462,0.846153846,25.46153846,245.3461538,118.3846154,1.269230769,0.807692308,0.076923077,0
20.07692308,239.6153846,113.7692308,1.423076923,0.769230769,21.61538462,214.2307692,133.2307692,1.115384615,0.961538462,0,0
22.61538462,243.1538462,101.2692308,1.153846154,0.923076923,24.92307692,277.5,117.9615385,1.5,0.884615385,0,0
26.69230769,254.2692308,129.8846154,0.730769231,0.730769231,21.34615385,273.9230769,98.34615385,1.538461538,1.269230769,0.076923077,1
23.34615385,286.1923077,105.1153846,1.269230769,1.307692308,24.30769231,256.4230769,121.6923077,0.961538462,1.115384615,0.076923077,1
25.23076923,317.2307692,87.15384615,1,1.346153846,28.19230769,272.6538462,135.6538462,1.115384615,0.692307692,0.076923077,1
23.03846154,236.9615385,126.4230769,1.423076923,0.846153846,18.92307692,244.2307692,92.11538462,1.307692308,0.769230769,0.076923077,1
22.61538462,267.3076923,99.61538462,1.230769231,1.153846154,23.65384615,245.8846154,144.3076923,1.653846154,0.807692308,0,0
22.57692308,232.7692308,119.5384615,1.153846154,1.153846154,20.84615385,239.9230769,108.1923077,1.538461538,1.115384615,0,0
18.88461538,210.4615385,123.3076923,1.576923077,1.076923077,25.07692308,220.6538462,143.3846154,1.307692308,0.769230769,0,0
23.23076923,244.3461538,108.2692308,1.307692308,0.923076923,21,253.1923077,105.8076923,1.692307692,0.846153846,0.076923077,0
20.30769231,229.7692308,99.76923077,1.384615385,1.038461538,23.53846154,267.1153846,123.2692308,1.192307692,1.192307692,0,1
23.07692308,261.5384615,106.1923077,1.307692308,0.807692308,22.96153846,234.3461538,140.1923077,1.461538462,1,0,1
21.69230769,244.3461538,86.5,1.192307692,0.884615385,22.76923077,243.4230769,108.6923077,1.615384615,0.653846154,0,1
25.23076923,249.3846154,115.3846154,1.115384615,0.576923077,22.69230769,252.1153846,131.1538462,2,0.807692308,0.076923077,0
22.19230769,223.1923077,120.6538462,1.384615385,0.961538462,24.26923077,232.3076923,123,1.423076923,0.961538462,0.076923077,1
21.03571429,279.25,114.6428571,1.178571429,1.178571429,26.82142857,266.8571429,104.6785714,0.928571429,0.892857143,0.071428571,0
21.25,250.5714286,98.75,1.964285714,0.821428571,23.07142857,216.5357143,106.5,1.142857143,0.75,0.071428571,0
23.78571429,228.3571429,128.25,1.5,0.821428571,20.89285714,237.75,120.25,1.357142857,0.892857143,0,1
19.07142857,252.5714286,94.42857143,2.142857143,0.964285714,31.75,279.7857143,142.4285714,1.071428571,0.607142857,0,0
26.42857143,256.5,118.1785714,1.035714286,0.857142857,20.60714286,239.7142857,111.75,1.392857143,1.071428571,0,1
25.21428571,305.6071429,113.3214286,1.25,1.071428571,25.96428571,274.7857143,107.5357143,0.928571429,0.892857143,0,0
23.89285714,244.8214286,116.4285714,0.964285714,0.892857143,21.67857143,280.4285714,96.85714286,1.321428571,1.035714286,0.071428571,0
21.53571429,274.1428571,107.7142857,1.821428571,1.071428571,27,236.25,143.3928571,1.571428571,0.5,0,0
20.25,224.7857143,109,1.928571429,1.035714286,22.10714286,218.0714286,115.9285714,1.392857143,0.928571429,0,0
19.75,223.7857143,132,1.25,0.928571429,24.14285714,255.3928571,121.75,1.321428571,0.892857143,0,0
25.07142857,258.6428571,127.6071429,1,0.75,21.39285714,215.8214286,126.7142857,1.5,0.964285714,0,0
24.92857143,254.8571429,122.0714286,1.214285714,0.714285714,20.78571429,260.5714286,103.8928571,1.392857143,0.821428571,0.071428571,1
25.67857143,274.9642857,115.3928571,1.5,0.928571429,19.78571429,235.9642857,94.21428571,1.428571429,1.178571429,0.142857143,1
16.57142857,218.0714286,94.5,1.785714286,1.392857143,22.25,211,128.0357143,1.071428571,1.357142857,0.071428571,0
23.28571429,260.1071429,114.3928571,1.357142857,1.071428571,24.28571429,257.1785714,123.6071429,1.25,1,0,1
20.28571429,210.3571429,125.9285714,1.214285714,0.75,20.57142857,215.2142857,134.5714286,1.678571429,0.821428571,0.071428571,1